-- --------------------------------------------------------
-- Host:                         192.168.101.93
-- Versión del servidor:         11.8.2-MariaDB - mariadb.org binary distribution
-- SO del servidor:              Win64
-- HeidiSQL Versión:             12.11.0.7065
-- --------------------------------------------------------

/*!40101 SET @OLD_CHARACTER_SET_CLIENT=@@CHARACTER_SET_CLIENT */;
/*!40101 SET NAMES utf8 */;
/*!50503 SET NAMES utf8mb4 */;
/*!40103 SET @OLD_TIME_ZONE=@@TIME_ZONE */;
/*!40103 SET TIME_ZONE='+00:00' */;
/*!40014 SET @OLD_FOREIGN_KEY_CHECKS=@@FOREIGN_KEY_CHECKS, FOREIGN_KEY_CHECKS=0 */;
/*!40101 SET @OLD_SQL_MODE=@@SQL_MODE, SQL_MODE='NO_AUTO_VALUE_ON_ZERO' */;
/*!40111 SET @OLD_SQL_NOTES=@@SQL_NOTES, SQL_NOTES=0 */;


-- Volcando estructura de base de datos para bg02
CREATE DATABASE IF NOT EXISTS `bg02` /*!40100 DEFAULT CHARACTER SET latin1 COLLATE latin1_swedish_ci */;
USE `bg02`;

-- Volcando estructura para tabla bg02.categorias
CREATE TABLE IF NOT EXISTS `categorias` (
  `id_categoria` tinyint(4) NOT NULL AUTO_INCREMENT,
  `nombre` varchar(30) NOT NULL,
  `descripcion` varchar(100) DEFAULT NULL,
  `icono` varchar(100) DEFAULT NULL,
  `color` varchar(20) DEFAULT NULL,
  `visible` tinyint(1) NOT NULL DEFAULT 1,
  `orden` int(11) DEFAULT 0,
  `creado_en` datetime NOT NULL DEFAULT current_timestamp(),
  `modificado_en` datetime NOT NULL DEFAULT current_timestamp() ON UPDATE current_timestamp(),
  `eliminado` tinyint(1) NOT NULL DEFAULT 0,
  PRIMARY KEY (`id_categoria`)
) ENGINE=InnoDB AUTO_INCREMENT=12 DEFAULT CHARSET=utf8mb4 COLLATE=utf8mb4_general_ci;

-- Volcando datos para la tabla bg02.categorias: ~9 rows (aproximadamente)
INSERT INTO `categorias` (`id_categoria`, `nombre`, `descripcion`, `icono`, `color`, `visible`, `orden`, `creado_en`, `modificado_en`, `eliminado`) VALUES
	(1, 'Bebidas', 'Bebidas frías y calientes', '🍾', '#2196F3', 1, 1, '2025-08-18 16:07:45', '2025-09-09 21:02:23', 0),
	(2, 'Snacks', 'Snacks y papas', '🍪', '#FF9800', 1, 2, '2025-08-18 16:07:45', '2025-09-05 21:06:20', 0),
	(3, 'Comidas', 'Comidas rápidas y calientes', '🍔', '#4CAF50', 1, 3, '2025-08-18 16:07:45', '2025-08-18 17:01:38', 0),
	(4, 'Alfajores', 'Alfajores de todo tipo', '🍩', '#E91E63', 1, 4, '2025-08-18 16:07:45', '2025-08-18 17:02:12', 0),
	(5, 'Galletitas', 'Galletitas dulces y saladas', '🍪', '#795548', 1, 5, '2025-08-18 16:07:45', '2025-08-18 17:03:19', 0),
	(6, 'Helados', 'Helados y postres fríos', '🍦', '#00BCD4', 1, 6, '2025-08-18 16:07:45', '2025-08-18 17:02:50', 0),
	(7, 'Golosinas', 'Golosinas y caramelos', '🍬', '#F44336', 1, 7, '2025-08-18 16:07:45', '2025-08-18 17:02:41', 0),
	(8, 'Cafeteria', 'Café, medialunas y más', '☕', '#8D6E63', 1, 8, '2025-08-18 16:07:45', '2025-08-18 17:03:34', 0),
	(9, 'Especial', 'Promociones especiales', '🏷️', '#9c27b0', 1, 9, '2025-08-18 16:07:45', '2025-08-18 17:02:28', 0);

-- Volcando estructura para tabla bg02.config_global
CREATE TABLE IF NOT EXISTS `config_global` (
  `clave` varchar(64) NOT NULL,
  `valor` varchar(255) NOT NULL,
  PRIMARY KEY (`clave`)
) ENGINE=InnoDB DEFAULT CHARSET=utf8mb4 COLLATE=utf8mb4_general_ci;

-- Volcando datos para la tabla bg02.config_global: ~1 rows (aproximadamente)
INSERT INTO `config_global` (`clave`, `valor`) VALUES
	('admin_pin', '1111');

-- Volcando estructura para tabla bg02.empleados
CREATE TABLE IF NOT EXISTS `empleados` (
  `id_empleado` tinyint(4) NOT NULL AUTO_INCREMENT,
  `usuario` varchar(50) NOT NULL,
  `hash_contraseña` char(60) NOT NULL,
  `nombre_completo` varchar(100) NOT NULL,
  `id_rol` tinyint(4) DEFAULT NULL,
  `creado_en` datetime NOT NULL DEFAULT current_timestamp(),
  `actualizado_en` datetime NOT NULL DEFAULT current_timestamp() ON UPDATE current_timestamp(),
  PRIMARY KEY (`id_empleado`),
  KEY `id_rol` (`id_rol`),
  CONSTRAINT `empleados_ibfk_1` FOREIGN KEY (`id_rol`) REFERENCES `roles` (`id_rol`)
) ENGINE=InnoDB AUTO_INCREMENT=14 DEFAULT CHARSET=utf8mb4 COLLATE=utf8mb4_general_ci;

-- Volcando datos para la tabla bg02.empleados: ~7 rows (aproximadamente)
INSERT INTO `empleados` (`id_empleado`, `usuario`, `hash_contraseña`, `nombre_completo`, `id_rol`, `creado_en`, `actualizado_en`) VALUES
	(1, 'admin01', '$2y$10$cDE0rfa1266h59KCE2QmZ.jbJ7Jw4cgxCwTsfjAqSfTkwG3SPojMi', 'Alex Frison', 1, '2025-06-23 20:35:57', '2025-08-08 18:28:10'),
	(2, 'super01', '$2y$10$cDE0rfa1266h59KCE2QmZ.jbJ7Jw4cgxCwTsfjAqSfTkwG3SPojMi', 'Julia Panaggio', 2, '2025-06-23 20:35:57', '2025-08-08 18:28:10'),
	(3, 'emple01', '$2y$10$cDE0rfa1266h59KCE2QmZ.jbJ7Jw4cgxCwTsfjAqSfTkwG3SPojMi', 'Matías Torti', 3, '2025-06-23 20:35:57', '2025-08-08 18:28:10'),
	(4, 'admin02', '$2y$12$ZavyiTUV8MTPygx41kclQ.WJIhWfxkHL6EKavB/ZY8mnKaFpL9t9S', 'Demetrio', 1, '2025-09-12 19:30:49', '2025-09-19 20:42:22'),
	(5, 'super02', '$2y$12$2uT.XPqGn7JnS50QCs0ozuHq53Z8OHQuRU4FxgyEmDAsFbW.fWl7a', 'LELE', 2, '2025-09-12 20:08:57', '2025-09-12 20:08:57'),
	(12, 'admin03', '$2y$12$f8AUYJdOh7NfTLe0Zg7/9OBCTLDKtv7NWCHMHFEQ2WjDbtFfJMY5O', 'Gustavo', 1, '2025-09-19 20:42:09', '2025-09-19 20:42:09');

-- Volcando estructura para tabla bg02.items_pedido
CREATE TABLE IF NOT EXISTS `items_pedido` (
  `id_item_pedido` smallint(6) NOT NULL AUTO_INCREMENT,
  `id_pedido` smallint(6) DEFAULT NULL,
  `id_producto` smallint(6) DEFAULT NULL,
  `cantidad` tinyint(4) NOT NULL,
  `precio_unitario` decimal(8,2) NOT NULL,
  `precio_total_item` decimal(10,2) NOT NULL,
  `es_personalizable` tinyint(1) NOT NULL DEFAULT 0,
  PRIMARY KEY (`id_item_pedido`),
  KEY `id_pedido` (`id_pedido`),
  KEY `id_producto` (`id_producto`),
  CONSTRAINT `items_pedido_ibfk_1` FOREIGN KEY (`id_pedido`) REFERENCES `pedidos` (`id_pedido`),
  CONSTRAINT `items_pedido_ibfk_2` FOREIGN KEY (`id_producto`) REFERENCES `productos` (`id_producto`)
) ENGINE=InnoDB AUTO_INCREMENT=489 DEFAULT CHARSET=utf8mb4 COLLATE=utf8mb4_general_ci;

-- Volcando datos para la tabla bg02.items_pedido: ~355 rows (aproximadamente)
INSERT INTO `items_pedido` (`id_item_pedido`, `id_pedido`, `id_producto`, `cantidad`, `precio_unitario`, `precio_total_item`, `es_personalizable`) VALUES
	(112, 46, 21, 1, 1000.00, 1000.00, 0),
	(113, 46, 10, 1, 1800.00, 1800.00, 0),
	(114, 46, 20, 1, 2200.00, 2200.00, 0),
	(115, 46, 76, 1, 1800.00, 1800.00, 1),
	(116, 47, 21, 1, 1000.00, 1000.00, 0),
	(117, 47, 10, 1, 1800.00, 1800.00, 0),
	(118, 47, 20, 1, 2200.00, 2200.00, 0),
	(119, 47, 76, 1, 1800.00, 1800.00, 1),
	(120, 48, 17, 1, 800.00, 800.00, 0),
	(121, 48, 20, 1, 2200.00, 2200.00, 0),
	(122, 48, 18, 1, 800.00, 800.00, 0),
	(123, 48, 4, 1, 2000.00, 2000.00, 0),
	(124, 49, 17, 1, 800.00, 800.00, 0),
	(125, 49, 20, 1, 2200.00, 2200.00, 0),
	(126, 49, 18, 1, 800.00, 800.00, 0),
	(127, 49, 4, 1, 2000.00, 2000.00, 0),
	(128, 50, 17, 1, 800.00, 800.00, 0),
	(129, 50, 9, 1, 1000.00, 1000.00, 0),
	(130, 50, 4, 7, 2000.00, 14000.00, 0),
	(131, 50, 13, 6, 2200.00, 13200.00, 0),
	(132, 51, 47, 1, 800.00, 800.00, 0),
	(133, 51, 54, 1, 1800.00, 1800.00, 0),
	(134, 51, 64, 1, 2000.00, 2000.00, 0),
	(135, 51, 63, 1, 2000.00, 2000.00, 0),
	(136, 51, 10, 1, 1800.00, 1800.00, 0),
	(137, 51, 76, 1, 1800.00, 1800.00, 1),
	(138, 52, 21, 1, 1000.00, 1000.00, 0),
	(139, 52, 20, 1, 2200.00, 2200.00, 0),
	(140, 52, 41, 1, 1800.00, 1800.00, 0),
	(141, 52, 45, 1, 1800.00, 1800.00, 0),
	(142, 53, 17, 1, 800.00, 800.00, 0),
	(143, 53, 16, 1, 800.00, 800.00, 0),
	(144, 53, 20, 1, 2200.00, 2200.00, 0),
	(145, 53, 21, 1, 1000.00, 1000.00, 0),
	(146, 53, 10, 1, 1800.00, 1800.00, 0),
	(147, 54, 17, 1, 800.00, 800.00, 0),
	(148, 54, 19, 1, 2200.00, 2200.00, 0),
	(149, 55, 10, 1, 1800.00, 1800.00, 0),
	(150, 55, 19, 1, 2200.00, 2200.00, 0),
	(151, 55, 20, 1, 2200.00, 2200.00, 0),
	(152, 56, 21, 1, 1000.00, 1000.00, 0),
	(153, 56, 20, 2, 2200.00, 4400.00, 0),
	(154, 56, 18, 1, 800.00, 800.00, 0),
	(155, 56, 16, 1, 800.00, 800.00, 0),
	(156, 57, 20, 1, 2200.00, 2200.00, 0),
	(157, 57, 18, 1, 800.00, 800.00, 0),
	(158, 57, 9, 1, 1000.00, 1000.00, 0),
	(159, 58, 17, 1, 800.00, 800.00, 0),
	(160, 58, 18, 2, 800.00, 1600.00, 0),
	(161, 58, 9, 1, 1000.00, 1000.00, 0),
	(162, 59, 4, 1, 2000.00, 2000.00, 0),
	(163, 59, 9, 1, 1000.00, 1000.00, 0),
	(164, 59, 18, 1, 800.00, 800.00, 0),
	(165, 60, 17, 1, 800.00, 800.00, 0),
	(166, 60, 4, 1, 2000.00, 2000.00, 0),
	(167, 61, 21, 1, 1000.00, 1000.00, 0),
	(168, 61, 19, 1, 2200.00, 2200.00, 0),
	(169, 61, 76, 1, 1800.00, 2000.00, 1),
	(170, 62, 21, 1, 1000.00, 1000.00, 0),
	(171, 62, 76, 1, 1800.00, 1800.00, 1),
	(172, 63, 21, 1, 1000.00, 1000.00, 0),
	(173, 63, 12, 1, 1800.00, 1800.00, 0),
	(174, 63, 106, 1, 2000.00, 2000.00, 0),
	(175, 64, 21, 1, 1000.00, 1000.00, 0),
	(176, 64, 12, 1, 1800.00, 1800.00, 0),
	(177, 64, 16, 1, 800.00, 800.00, 0),
	(178, 64, 17, 1, 800.00, 800.00, 0),
	(179, 65, 21, 1, 1000.00, 1000.00, 0),
	(180, 65, 76, 1, 1800.00, 2000.00, 1),
	(181, 66, 21, 1, 1000.00, 1000.00, 0),
	(182, 66, 10, 2, 1800.00, 3600.00, 0),
	(183, 66, 12, 1, 1800.00, 1800.00, 0),
	(184, 66, 98, 1, 500.00, 500.00, 0),
	(185, 67, 16, 1, 800.00, 800.00, 0),
	(186, 67, 17, 1, 800.00, 800.00, 0),
	(187, 67, 18, 1, 800.00, 800.00, 0),
	(188, 68, 12, 1, 1800.00, 1800.00, 0),
	(189, 68, 21, 1, 1000.00, 1000.00, 0),
	(190, 68, 10, 1, 1800.00, 1800.00, 0),
	(191, 68, 11, 1, 1800.00, 1800.00, 0),
	(192, 68, 20, 1, 2200.00, 2200.00, 0),
	(193, 68, 19, 1, 2200.00, 2200.00, 0),
	(194, 68, 16, 1, 800.00, 800.00, 0),
	(195, 68, 7, 1, 1000.00, 1000.00, 0),
	(196, 68, 4, 1, 2000.00, 2000.00, 0),
	(197, 68, 17, 1, 800.00, 800.00, 0),
	(198, 68, 18, 1, 800.00, 800.00, 0),
	(199, 68, 9, 1, 1000.00, 1000.00, 0),
	(200, 68, 15, 1, 2200.00, 2200.00, 0),
	(201, 68, 5, 1, 2000.00, 2000.00, 0),
	(202, 68, 8, 1, 1000.00, 1000.00, 0),
	(203, 68, 13, 1, 2200.00, 2200.00, 0),
	(204, 68, 6, 1, 2000.00, 2000.00, 0),
	(205, 68, 14, 1, 2200.00, 2200.00, 0),
	(206, 69, 21, 1, 1000.00, 1000.00, 0),
	(207, 69, 12, 1, 1800.00, 1800.00, 0),
	(208, 69, 19, 1, 2200.00, 2200.00, 0),
	(209, 69, 10, 1, 1800.00, 1800.00, 0),
	(210, 69, 11, 1, 1800.00, 1800.00, 0),
	(211, 69, 20, 1, 2200.00, 2200.00, 0),
	(212, 69, 18, 1, 800.00, 800.00, 0),
	(213, 69, 9, 1, 1000.00, 1000.00, 0),
	(214, 69, 4, 1, 2000.00, 2000.00, 0),
	(215, 69, 17, 1, 800.00, 800.00, 0),
	(216, 69, 16, 1, 800.00, 800.00, 0),
	(217, 69, 7, 1, 1000.00, 1000.00, 0),
	(218, 69, 6, 1, 2000.00, 2000.00, 0),
	(219, 69, 14, 1, 2200.00, 2200.00, 0),
	(220, 69, 8, 1, 1000.00, 1000.00, 0),
	(221, 69, 13, 1, 2200.00, 2200.00, 0),
	(222, 69, 15, 1, 2200.00, 2200.00, 0),
	(223, 69, 5, 1, 2000.00, 2000.00, 0),
	(224, 69, 103, 1, 1500.00, 1500.00, 0),
	(225, 69, 99, 1, 1600.00, 1600.00, 0),
	(226, 69, 109, 1, 2000.00, 2000.00, 0),
	(227, 69, 106, 1, 2000.00, 2000.00, 0),
	(228, 69, 100, 1, 1600.00, 1600.00, 0),
	(229, 69, 104, 1, 1500.00, 1500.00, 0),
	(230, 69, 110, 1, 2000.00, 2000.00, 0),
	(231, 69, 105, 1, 2000.00, 2000.00, 0),
	(232, 69, 107, 1, 2000.00, 2000.00, 0),
	(233, 69, 101, 1, 2000.00, 2000.00, 0),
	(234, 69, 102, 1, 2000.00, 2000.00, 0),
	(235, 69, 108, 1, 2000.00, 2000.00, 0),
	(236, 69, 41, 1, 1800.00, 1800.00, 0),
	(237, 69, 42, 1, 1800.00, 1800.00, 0),
	(238, 69, 33, 1, 1000.00, 1000.00, 0),
	(239, 69, 45, 1, 1800.00, 1800.00, 0),
	(240, 69, 43, 1, 1800.00, 1800.00, 0),
	(241, 69, 32, 1, 1000.00, 1000.00, 0),
	(242, 69, 35, 1, 2000.00, 2000.00, 0),
	(243, 69, 40, 1, 1800.00, 1800.00, 0),
	(244, 69, 34, 1, 1800.00, 1800.00, 0),
	(245, 69, 39, 1, 1800.00, 1800.00, 0),
	(246, 69, 22, 1, 400.00, 400.00, 0),
	(247, 69, 24, 1, 400.00, 400.00, 0),
	(248, 69, 28, 1, 1800.00, 1800.00, 0),
	(249, 69, 25, 1, 600.00, 600.00, 0),
	(250, 69, 23, 1, 600.00, 600.00, 0),
	(251, 69, 29, 1, 1800.00, 1800.00, 0),
	(252, 69, 26, 1, 1000.00, 1000.00, 0),
	(253, 69, 27, 1, 1000.00, 1000.00, 0),
	(254, 69, 44, 1, 400.00, 400.00, 0),
	(255, 69, 30, 1, 1800.00, 1800.00, 0),
	(256, 69, 31, 1, 1800.00, 1800.00, 0),
	(257, 69, 36, 1, 800.00, 800.00, 0),
	(258, 69, 38, 1, 800.00, 800.00, 0),
	(259, 69, 37, 1, 1200.00, 1200.00, 0),
	(260, 70, 17, 1, 800.00, 800.00, 0),
	(261, 70, 18, 1, 800.00, 800.00, 0),
	(262, 70, 12, 1, 1800.00, 1800.00, 0),
	(263, 70, 11, 1, 1800.00, 1800.00, 0),
	(264, 71, 21, 1, 1000.00, 1000.00, 0),
	(265, 71, 76, 1, 1800.00, 1800.00, 1),
	(266, 72, 20, 1, 2200.00, 2200.00, 0),
	(267, 72, 18, 1, 800.00, 800.00, 0),
	(268, 72, 17, 1, 800.00, 800.00, 0),
	(269, 72, 9, 1, 1000.00, 1000.00, 0),
	(270, 73, 11, 1, 1800.00, 1800.00, 0),
	(271, 73, 21, 1, 1000.00, 1000.00, 0),
	(272, 74, 21, 1, 1000.00, 1000.00, 0),
	(273, 74, 12, 1, 1800.00, 1800.00, 0),
	(274, 74, 16, 1, 800.00, 800.00, 0),
	(275, 74, 99, 1, 1600.00, 1600.00, 0),
	(276, 74, 76, 1, 1800.00, 1800.00, 1),
	(277, 75, 21, 1, 1000.00, 1000.00, 0),
	(278, 75, 10, 1, 1800.00, 1800.00, 0),
	(279, 76, 21, 1, 1000.00, 1000.00, 0),
	(280, 76, 10, 1, 1800.00, 1800.00, 0),
	(281, 77, 11, 1, 1800.00, 1800.00, 0),
	(282, 77, 21, 1, 1000.00, 1000.00, 0),
	(283, 78, 98, 1, 500.00, 500.00, 0),
	(284, 78, 89, 1, 500.00, 500.00, 0),
	(285, 78, 94, 1, 1500.00, 1500.00, 0),
	(286, 78, 96, 1, 800.00, 800.00, 0),
	(287, 78, 90, 1, 500.00, 500.00, 0),
	(288, 78, 88, 1, 800.00, 800.00, 0),
	(289, 78, 85, 1, 1200.00, 1200.00, 0),
	(290, 78, 97, 1, 1200.00, 1200.00, 0),
	(291, 78, 92, 1, 800.00, 800.00, 0),
	(292, 79, 21, 1, 1000.00, 1000.00, 0),
	(293, 79, 12, 1, 1800.00, 1800.00, 0),
	(294, 80, 12, 1, 1800.00, 1800.00, 0),
	(295, 80, 16, 1, 800.00, 800.00, 0),
	(296, 81, 21, 1, 1000.00, 1000.00, 0),
	(297, 81, 12, 1, 1800.00, 1800.00, 0),
	(298, 82, 17, 1, 800.00, 800.00, 0),
	(299, 82, 12, 1, 1800.00, 1800.00, 0),
	(300, 83, 12, 2, 1800.00, 3600.00, 0),
	(301, 84, 21, 1, 1000.00, 1000.00, 0),
	(302, 84, 103, 1, 1500.00, 1500.00, 0),
	(303, 85, 21, 1, 1000.00, 1000.00, 0),
	(304, 85, 103, 1, 1500.00, 1500.00, 0),
	(305, 86, 21, 1, 1000.00, 1000.00, 0),
	(306, 86, 103, 1, 1500.00, 1500.00, 0),
	(307, 87, 21, 1, 1000.00, 1000.00, 0),
	(308, 87, 103, 1, 1500.00, 1500.00, 0),
	(309, 88, 21, 1, 1000.00, 1000.00, 0),
	(310, 88, 103, 1, 1500.00, 1500.00, 0),
	(311, 89, 21, 1, 1000.00, 1000.00, 0),
	(312, 89, 103, 1, 1500.00, 1500.00, 0),
	(313, 90, 21, 1, 1000.00, 1000.00, 0),
	(314, 90, 103, 1, 1500.00, 1500.00, 0),
	(315, 91, 21, 1, 1000.00, 1000.00, 0),
	(316, 91, 103, 1, 1500.00, 1500.00, 0),
	(317, 92, 21, 1, 1000.00, 1000.00, 0),
	(318, 92, 103, 1, 1500.00, 1500.00, 0),
	(319, 93, 21, 1, 1000.00, 1000.00, 0),
	(320, 93, 103, 1, 1500.00, 1500.00, 0),
	(321, 94, 21, 1, 1000.00, 1000.00, 0),
	(322, 94, 103, 1, 1500.00, 1500.00, 0),
	(323, 95, 21, 1, 1000.00, 1000.00, 0),
	(324, 95, 103, 1, 1500.00, 1500.00, 0),
	(325, 96, 21, 1, 1000.00, 1000.00, 0),
	(326, 96, 103, 1, 1500.00, 1500.00, 0),
	(327, 97, 21, 1, 1000.00, 1000.00, 0),
	(328, 97, 103, 1, 1500.00, 1500.00, 0),
	(329, 98, 21, 1, 1000.00, 1000.00, 0),
	(330, 98, 103, 1, 1500.00, 1500.00, 0),
	(331, 99, 21, 1, 1000.00, 1000.00, 0),
	(332, 99, 103, 1, 1500.00, 1500.00, 0),
	(333, 100, 103, 1, 1500.00, 1500.00, 0),
	(334, 100, 21, 1, 1000.00, 1000.00, 0),
	(335, 101, 21, 1, 1000.00, 1000.00, 0),
	(336, 101, 103, 1, 1500.00, 1500.00, 0),
	(337, 102, 21, 1, 1000.00, 1000.00, 0),
	(338, 102, 103, 1, 1500.00, 1500.00, 0),
	(339, 103, 21, 1, 1000.00, 1000.00, 0),
	(340, 103, 103, 1, 1500.00, 1500.00, 0),
	(341, 104, 17, 1, 800.00, 800.00, 0),
	(342, 104, 19, 1, 2200.00, 2200.00, 0),
	(343, 104, 10, 1, 1800.00, 1800.00, 0),
	(344, 104, 11, 1, 1800.00, 1800.00, 0),
	(345, 104, 126, 1, 100.00, 100.00, 0),
	(346, 105, 17, 1, 800.00, 800.00, 0),
	(347, 105, 19, 1, 2200.00, 2200.00, 0),
	(348, 105, 10, 1, 1800.00, 1800.00, 0),
	(349, 105, 11, 1, 1800.00, 1800.00, 0),
	(350, 105, 126, 1, 100.00, 100.00, 0),
	(351, 106, 11, 1, 1800.00, 1800.00, 0),
	(352, 106, 10, 1, 1800.00, 1800.00, 0),
	(353, 107, 12, 1, 1800.00, 1800.00, 0),
	(354, 107, 21, 1, 1000.00, 1000.00, 0),
	(355, 107, 10, 1, 1800.00, 1800.00, 0),
	(356, 108, 76, 1, 1800.00, 1800.00, 1),
	(357, 108, 76, 1, 1800.00, 1800.00, 1),
	(358, 108, 76, 1, 1800.00, 1800.00, 1),
	(359, 109, 21, 1, 1000.00, 1000.00, 0),
	(360, 109, 103, 1, 1500.00, 1500.00, 0),
	(361, 110, 21, 1, 1000.00, 1000.00, 0),
	(362, 110, 103, 1, 1500.00, 1500.00, 0),
	(363, 111, 21, 1, 1000.00, 1000.00, 0),
	(364, 111, 103, 1, 1500.00, 1500.00, 0),
	(365, 112, 21, 1, 1000.00, 1000.00, 0),
	(366, 112, 103, 1, 1500.00, 1500.00, 0),
	(367, 113, 21, 1, 1000.00, 1000.00, 0),
	(368, 113, 103, 1, 1500.00, 1500.00, 0),
	(369, 114, 10, 1, 1800.00, 1800.00, 0),
	(370, 114, 21, 1, 1000.00, 1000.00, 0),
	(371, 115, 21, 1, 1000.00, 1000.00, 0),
	(372, 115, 103, 1, 1500.00, 1500.00, 0),
	(373, 116, 21, 1, 1000.00, 1000.00, 0),
	(374, 116, 103, 1, 1500.00, 1500.00, 0),
	(375, 117, 21, 1, 1000.00, 1000.00, 0),
	(376, 117, 103, 1, 1500.00, 1500.00, 0),
	(377, 118, 21, 1, 1000.00, 1000.00, 0),
	(378, 118, 103, 1, 1500.00, 1500.00, 0),
	(379, 119, 21, 1, 1000.00, 1000.00, 0),
	(380, 119, 103, 1, 1500.00, 1500.00, 0),
	(381, 120, 21, 1, 1000.00, 1000.00, 0),
	(382, 120, 103, 1, 1500.00, 1500.00, 0),
	(383, 121, 21, 1, 1000.00, 1000.00, 0),
	(384, 121, 103, 1, 1500.00, 1500.00, 0),
	(385, 122, 21, 1, 1000.00, 1000.00, 0),
	(386, 122, 103, 1, 1500.00, 1500.00, 0),
	(387, 123, 103, 1, 1500.00, 1500.00, 0),
	(388, 123, 21, 1, 1000.00, 1000.00, 0),
	(389, 124, 112, 4, 1000.00, 4000.00, 0),
	(390, 125, 47, 5, 800.00, 4000.00, 0),
	(391, 126, 47, 5, 800.00, 4000.00, 0),
	(392, 127, 47, 5, 800.00, 4000.00, 0),
	(393, 128, 7, 1, 1000.00, 1000.00, 0),
	(394, 128, 16, 1, 800.00, 800.00, 0),
	(395, 128, 10, 1, 1800.00, 1800.00, 0),
	(417, 153, 21, 1, 1000.00, 1000.00, 0),
	(418, 153, 103, 1, 1500.00, 1500.00, 0),
	(419, 153, 76, 1, 1800.00, 1800.00, 1),
	(420, 154, 21, 1, 1000.00, 1000.00, 0),
	(421, 154, 103, 1, 1500.00, 1500.00, 0),
	(422, 154, 76, 1, 1800.00, 1800.00, 1),
	(423, 155, 21, 1, 1000.00, 1000.00, 0),
	(424, 155, 103, 1, 1500.00, 1500.00, 0),
	(425, 155, 76, 1, 1800.00, 1800.00, 1),
	(426, 156, 21, 1, 1000.00, 1000.00, 0),
	(427, 156, 103, 1, 1500.00, 1500.00, 0),
	(428, 156, 76, 1, 1800.00, 1800.00, 1),
	(429, 157, 21, 1, 1000.00, 1000.00, 0),
	(430, 157, 103, 1, 1500.00, 1500.00, 0),
	(431, 157, 76, 1, 1800.00, 1800.00, 1),
	(432, 158, 21, 1, 1000.00, 1000.00, 0),
	(433, 158, 10, 1, 1800.00, 1800.00, 0),
	(434, 158, 16, 1, 800.00, 800.00, 0),
	(435, 158, 20, 1, 2200.00, 2200.00, 0),
	(436, 159, 21, 1, 1000.00, 1000.00, 0),
	(437, 159, 103, 1, 1500.00, 1500.00, 0),
	(438, 160, 21, 1, 1000.00, 1000.00, 0),
	(439, 160, 103, 1, 1500.00, 1500.00, 0),
	(440, 161, 21, 1, 1000.00, 1000.00, 0),
	(441, 161, 103, 1, 1500.00, 1500.00, 0),
	(442, 162, 21, 1, 1000.00, 1000.00, 0),
	(443, 162, 103, 1, 1500.00, 1500.00, 0),
	(444, 163, 21, 2, 1000.00, 2000.00, 0),
	(445, 163, 103, 1, 1500.00, 1500.00, 0),
	(446, 164, 20, 1, 2200.00, 2200.00, 0),
	(447, 164, 21, 1, 1000.00, 1000.00, 0),
	(448, 164, 7, 1, 1000.00, 1000.00, 0),
	(449, 165, 21, 1, 1000.00, 1000.00, 0),
	(450, 165, 103, 1, 1500.00, 1500.00, 0),
	(451, 166, 21, 1, 1000.00, 1000.00, 0),
	(452, 166, 103, 1, 1500.00, 1500.00, 0),
	(453, 167, 21, 1, 1000.00, 1000.00, 0),
	(454, 167, 103, 1, 1500.00, 1500.00, 0),
	(456, 169, 76, 1, 1800.00, 2000.00, 1),
	(457, 169, 21, 1, 1000.00, 1000.00, 0),
	(458, 170, 21, 1, 1000.00, 1000.00, 0),
	(459, 170, 103, 1, 1500.00, 1500.00, 0),
	(460, 171, 103, 1, 1500.00, 1500.00, 0),
	(461, 172, 76, 1, 1800.00, 1800.00, 1),
	(462, 173, 76, 1, 1800.00, 1800.00, 1),
	(463, 173, 76, 1, 1800.00, 1800.00, 1),
	(464, 173, 76, 1, 1800.00, 1800.00, 1),
	(465, 174, 21, 2, 1000.00, 2000.00, 0),
	(466, 175, 21, 2, 1000.00, 2000.00, 0),
	(467, 175, 10, 1, 1800.00, 1800.00, 0),
	(468, 175, 76, 2, 1800.00, 3600.00, 1),
	(469, 175, 76, 2, 1800.00, 3600.00, 1),
	(470, 175, 76, 2, 1800.00, 3600.00, 1),
	(471, 176, 21, 1, 1000.00, 1000.00, 0),
	(472, 177, 76, 1, 1800.00, 1800.00, 1),
	(473, 177, 76, 1, 1800.00, 1800.00, 1),
	(474, 178, 76, 1, 1800.00, 1800.00, 1),
	(475, 178, 76, 1, 1800.00, 1800.00, 1),
	(476, 179, 21, 1, 1000.00, 1000.00, 0),
	(477, 179, 76, 3, 1800.00, 5400.00, 1),
	(478, 179, 76, 2, 1800.00, 3600.00, 1),
	(479, 180, 21, 1, 1000.00, 1000.00, 0),
	(480, 180, 103, 1, 1500.00, 1500.00, 0),
	(481, 180, 76, 1, 1800.00, 1800.00, 1),
	(482, 181, 21, 2, 1000.00, 2000.00, 0),
	(483, 181, 10, 1, 1800.00, 1800.00, 0),
	(484, 181, 16, 2, 800.00, 1600.00, 0),
	(485, 181, 20, 2, 2200.00, 4400.00, 0),
	(486, 182, 21, 1, 1000.00, 1000.00, 0),
	(487, 183, 76, 1, 1800.00, 1800.00, 0),
	(488, 183, 45, 1, 1800.00, 1800.00, 0);

-- Volcando estructura para tabla bg02.opciones_personalizacion
CREATE TABLE IF NOT EXISTS `opciones_personalizacion` (
  `id_opcion` smallint(6) NOT NULL AUTO_INCREMENT,
  `id_producto` smallint(6) DEFAULT NULL,
  `nombre_opcion` varchar(50) NOT NULL,
  `precio_extra` decimal(6,2) DEFAULT NULL,
  PRIMARY KEY (`id_opcion`),
  KEY `id_producto` (`id_producto`),
  CONSTRAINT `opciones_personalizacion_ibfk_1` FOREIGN KEY (`id_producto`) REFERENCES `productos` (`id_producto`)
) ENGINE=InnoDB AUTO_INCREMENT=51 DEFAULT CHARSET=utf8mb4 COLLATE=utf8mb4_general_ci;

-- Volcando datos para la tabla bg02.opciones_personalizacion: ~11 rows (aproximadamente)
INSERT INTO `opciones_personalizacion` (`id_opcion`, `id_producto`, `nombre_opcion`, `precio_extra`) VALUES
	(14, 111, 'Jamon y Queso', 300.00),
	(15, 77, 'Caliente', 0.00),
	(16, 77, 'Cortado a la mitad', 0.00),
	(43, 113, 'auto', 100.00),
	(44, 113, 'gato', 500.00),
	(45, 113, 'perro', 250.00),
	(46, 76, 'Mayonesa', 0.00),
	(47, 76, 'Mostaza', 0.00),
	(48, 76, 'Papas', 0.00),
	(49, 76, 'Ketchup', 0.00),
	(50, 76, 'Cheddar', 200.00);

-- Volcando estructura para tabla bg02.pedidos
CREATE TABLE IF NOT EXISTS `pedidos` (
  `id_pedido` smallint(6) NOT NULL AUTO_INCREMENT,
  `numero_pedido` varchar(20) NOT NULL,
  `id_punto_venta` tinyint(4) DEFAULT NULL,
  `metodo_pago` enum('EFECTIVO','VIRTUAL') NOT NULL,
  `monto_total` decimal(10,2) NOT NULL,
  `estado` enum('LISTO','PREPARACION','PENDIENTE','ENTREGADO','CANCELADO') DEFAULT 'PENDIENTE',
  `creado_en` datetime NOT NULL DEFAULT current_timestamp(),
  `actualizado_en` datetime NOT NULL DEFAULT current_timestamp() ON UPDATE current_timestamp(),
  PRIMARY KEY (`id_pedido`),
  KEY `id_punto_venta` (`id_punto_venta`),
  CONSTRAINT `pedidos_ibfk_1` FOREIGN KEY (`id_punto_venta`) REFERENCES `puntos_venta` (`id_punto_venta`)
) ENGINE=InnoDB AUTO_INCREMENT=184 DEFAULT CHARSET=utf8mb4 COLLATE=utf8mb4_general_ci;

-- Volcando datos para la tabla bg02.pedidos: ~116 rows (aproximadamente)
INSERT INTO `pedidos` (`id_pedido`, `numero_pedido`, `id_punto_venta`, `metodo_pago`, `monto_total`, `estado`, `creado_en`, `actualizado_en`) VALUES
	(46, 'K-001', 2, 'EFECTIVO', 6800.00, 'CANCELADO', '2025-09-04 19:04:20', '2025-09-12 20:31:14'),
	(47, 'K-002', 2, 'EFECTIVO', 6800.00, 'CANCELADO', '2025-09-04 19:04:35', '2025-09-12 20:31:17'),
	(48, 'K-003', 2, 'EFECTIVO', 5800.00, 'CANCELADO', '2025-09-04 19:51:12', '2025-09-04 21:41:25'),
	(49, 'K-004', 2, 'EFECTIVO', 5800.00, 'ENTREGADO', '2025-09-04 19:51:12', '2025-09-21 19:10:17'),
	(50, 'K-005', 2, 'VIRTUAL', 29000.00, 'CANCELADO', '2025-09-04 20:08:05', '2025-09-05 20:53:09'),
	(51, 'K-006', 2, 'EFECTIVO', 10200.00, 'PREPARACION', '2025-09-04 21:35:20', '2025-09-19 19:31:14'),
	(52, 'K-007', 2, 'VIRTUAL', 6800.00, 'CANCELADO', '2025-09-04 22:14:02', '2025-09-05 18:40:00'),
	(53, 'K-008', 2, 'EFECTIVO', 6600.00, 'PREPARACION', '2025-09-04 22:14:14', '2025-09-21 19:10:00'),
	(54, 'K-009', 2, 'VIRTUAL', 3000.00, 'ENTREGADO', '2025-09-05 18:39:02', '2025-09-05 18:39:55'),
	(55, 'K-010', 2, 'EFECTIVO', 6200.00, 'PENDIENTE', '2025-09-05 18:49:09', '2025-09-05 18:49:09'),
	(56, 'K-011', 2, 'EFECTIVO', 7000.00, 'PENDIENTE', '2025-09-05 19:11:16', '2025-09-05 19:11:16'),
	(57, 'K-012', 2, 'EFECTIVO', 4000.00, 'ENTREGADO', '2025-09-05 20:09:30', '2025-09-12 20:31:28'),
	(58, 'K-013', 2, 'EFECTIVO', 3400.00, 'CANCELADO', '2025-09-05 20:10:48', '2025-09-05 21:11:07'),
	(59, 'K-014', 2, 'EFECTIVO', 3800.00, 'PREPARACION', '2025-09-05 20:14:34', '2025-09-05 20:52:59'),
	(60, 'K-015', 2, 'EFECTIVO', 2800.00, 'ENTREGADO', '2025-09-05 20:54:40', '2025-09-12 20:31:20'),
	(61, 'K-016', 2, 'VIRTUAL', 5200.00, 'ENTREGADO', '2025-09-05 21:02:26', '2025-09-12 20:31:21'),
	(62, 'K-017', 2, 'VIRTUAL', 2800.00, 'PREPARACION', '2025-09-05 21:22:47', '2025-09-05 21:22:47'),
	(63, 'K-018', 2, 'EFECTIVO', 4800.00, 'ENTREGADO', '2025-09-05 21:23:42', '2025-09-15 20:29:48'),
	(64, 'K-019', 2, 'EFECTIVO', 4400.00, 'PENDIENTE', '2025-09-05 21:26:13', '2025-09-05 21:26:13'),
	(65, 'K-020', 2, 'EFECTIVO', 3000.00, 'PENDIENTE', '2025-09-07 11:43:38', '2025-09-07 11:43:38'),
	(66, 'K-021', 2, 'VIRTUAL', 6900.00, 'ENTREGADO', '2025-09-07 19:46:57', '2025-09-12 20:31:23'),
	(67, 'K-022', 2, 'EFECTIVO', 2400.00, 'PENDIENTE', '2025-09-07 19:59:37', '2025-09-07 19:59:37'),
	(68, 'K-023', 2, 'EFECTIVO', 28800.00, 'PENDIENTE', '2025-09-07 19:59:52', '2025-09-07 19:59:52'),
	(69, 'K-024', 2, 'EFECTIVO', 82000.00, 'PENDIENTE', '2025-09-07 20:00:29', '2025-09-07 20:00:29'),
	(70, 'K-025', 2, 'EFECTIVO', 5200.00, 'PREPARACION', '2025-09-07 20:03:24', '2025-09-12 19:28:40'),
	(71, 'K-026', 2, 'VIRTUAL', 2800.00, 'PREPARACION', '2025-09-07 20:15:17', '2025-09-07 20:15:17'),
	(72, 'K-027', 2, 'EFECTIVO', 4800.00, 'PREPARACION', '2025-09-08 15:18:44', '2025-09-08 15:19:12'),
	(73, 'K-028', 2, 'VIRTUAL', 2800.00, 'PREPARACION', '2025-09-08 18:21:29', '2025-09-08 18:21:29'),
	(74, 'K-029', 2, 'EFECTIVO', 7000.00, 'PREPARACION', '2025-09-08 18:48:07', '2025-09-12 19:28:28'),
	(75, 'K-030', 2, 'VIRTUAL', 2800.00, 'PREPARACION', '2025-09-08 18:49:24', '2025-09-08 18:49:24'),
	(76, 'K-031', 2, 'VIRTUAL', 2800.00, 'PREPARACION', '2025-09-08 19:39:05', '2025-09-08 19:39:05'),
	(77, 'K-032', 2, 'VIRTUAL', 2800.00, 'PREPARACION', '2025-09-08 20:44:17', '2025-09-08 20:44:17'),
	(78, 'K-033', 2, 'VIRTUAL', 7800.00, 'PREPARACION', '2025-09-08 20:48:26', '2025-09-08 20:48:26'),
	(79, 'K-034', 2, 'VIRTUAL', 2800.00, 'PREPARACION', '2025-09-08 20:59:43', '2025-09-08 20:59:43'),
	(80, 'K-035', 2, 'VIRTUAL', 2600.00, 'PREPARACION', '2025-09-08 21:02:14', '2025-09-08 21:02:14'),
	(81, 'K-036', 2, 'VIRTUAL', 2800.00, 'PREPARACION', '2025-09-08 21:03:01', '2025-09-08 21:03:01'),
	(82, 'K-037', 2, 'EFECTIVO', 2600.00, 'PREPARACION', '2025-09-08 21:03:27', '2025-09-11 20:30:10'),
	(83, 'K-038', 2, 'VIRTUAL', 3600.00, 'PREPARACION', '2025-09-08 21:05:58', '2025-09-08 21:05:58'),
	(84, 'K-039', 2, 'VIRTUAL', 2500.00, 'PREPARACION', '2025-09-08 21:16:29', '2025-09-08 21:16:29'),
	(85, 'K-040', 2, 'VIRTUAL', 2500.00, 'PREPARACION', '2025-09-08 21:30:18', '2025-09-08 21:30:18'),
	(86, 'K-041', 2, 'VIRTUAL', 2500.00, 'PREPARACION', '2025-09-08 21:34:03', '2025-09-08 21:34:03'),
	(87, 'K-042', 2, 'VIRTUAL', 2500.00, 'PREPARACION', '2025-09-09 18:38:52', '2025-09-09 18:38:52'),
	(88, 'K-043', 2, 'VIRTUAL', 2500.00, 'PREPARACION', '2025-09-09 19:06:17', '2025-09-09 19:06:17'),
	(89, 'K-044', 2, 'VIRTUAL', 2500.00, 'PREPARACION', '2025-09-09 19:08:02', '2025-09-09 19:08:02'),
	(90, 'K-045', 2, 'VIRTUAL', 2500.00, 'PREPARACION', '2025-09-09 19:14:50', '2025-09-09 19:14:50'),
	(91, 'K-046', 2, 'VIRTUAL', 2500.00, 'PREPARACION', '2025-09-09 19:15:23', '2025-09-09 19:15:23'),
	(92, 'K-047', 2, 'VIRTUAL', 2500.00, 'PREPARACION', '2025-09-09 19:17:02', '2025-09-09 19:17:02'),
	(93, 'K-048', 2, 'VIRTUAL', 2500.00, 'PREPARACION', '2025-09-09 19:18:12', '2025-09-09 19:18:12'),
	(94, 'K-049', 2, 'VIRTUAL', 2500.00, 'PREPARACION', '2025-09-09 19:19:16', '2025-09-09 19:19:16'),
	(95, 'K-050', 2, 'VIRTUAL', 2500.00, 'PREPARACION', '2025-09-09 19:19:58', '2025-09-09 19:19:58'),
	(96, 'K-051', 2, 'VIRTUAL', 2500.00, 'PREPARACION', '2025-09-09 20:07:51', '2025-09-09 20:07:51'),
	(97, 'K-052', 2, 'VIRTUAL', 2500.00, 'PREPARACION', '2025-09-09 20:09:27', '2025-09-09 20:09:27'),
	(98, 'K-053', 2, 'VIRTUAL', 2500.00, 'PREPARACION', '2025-09-09 20:15:07', '2025-09-09 20:15:07'),
	(99, 'K-054', 2, 'VIRTUAL', 2500.00, 'PREPARACION', '2025-09-09 20:24:43', '2025-09-09 20:24:43'),
	(100, 'K-055', 2, 'VIRTUAL', 2500.00, 'PREPARACION', '2025-09-09 20:29:06', '2025-09-09 20:29:06'),
	(101, 'K-056', 2, 'VIRTUAL', 2500.00, 'PREPARACION', '2025-09-09 20:30:35', '2025-09-09 20:30:35'),
	(102, 'K-057', 2, 'VIRTUAL', 2500.00, 'PREPARACION', '2025-09-09 21:29:02', '2025-09-09 21:29:02'),
	(103, 'K-058', 2, 'VIRTUAL', 2500.00, 'PREPARACION', '2025-09-09 21:30:22', '2025-09-09 21:30:22'),
	(104, 'K-059', 2, 'EFECTIVO', 6700.00, 'CANCELADO', '2025-09-12 19:31:50', '2025-09-17 21:22:27'),
	(105, 'K-060', 2, 'EFECTIVO', 6700.00, 'PREPARACION', '2025-09-12 19:32:34', '2025-09-12 20:31:46'),
	(106, 'K-061', 2, 'VIRTUAL', 3600.00, 'PREPARACION', '2025-09-12 20:37:40', '2025-09-12 20:37:40'),
	(107, 'K-062', 2, 'EFECTIVO', 4600.00, 'PENDIENTE', '2025-09-15 16:30:37', '2025-09-15 16:30:37'),
	(108, 'K-063', 2, 'VIRTUAL', 5400.00, 'LISTO', '2025-09-15 20:27:34', '2025-09-15 20:29:39'),
	(109, 'K-064', 2, 'VIRTUAL', 2500.00, 'PREPARACION', '2025-09-15 20:53:18', '2025-09-15 20:53:18'),
	(110, 'K-065', 2, 'VIRTUAL', 2500.00, 'PREPARACION', '2025-09-16 21:13:14', '2025-09-16 21:13:14'),
	(111, 'K-066', 2, 'VIRTUAL', 2500.00, 'PREPARACION', '2025-09-16 21:14:17', '2025-09-16 21:14:17'),
	(112, 'K-067', 2, 'VIRTUAL', 2500.00, 'PREPARACION', '2025-09-16 21:14:54', '2025-09-16 21:14:54'),
	(113, 'K-068', 2, 'VIRTUAL', 2500.00, 'PREPARACION', '2025-09-16 21:28:57', '2025-09-16 21:28:57'),
	(114, 'K-069', 2, 'VIRTUAL', 2800.00, 'PREPARACION', '2025-09-17 18:35:07', '2025-09-17 18:35:07'),
	(115, 'K-070', 2, 'VIRTUAL', 2500.00, 'PREPARACION', '2025-09-17 18:35:25', '2025-09-17 18:35:25'),
	(116, 'K-071', 2, 'VIRTUAL', 2500.00, 'PREPARACION', '2025-09-17 18:36:16', '2025-09-17 18:36:16'),
	(117, 'K-072', 2, 'VIRTUAL', 2500.00, 'PREPARACION', '2025-09-17 18:40:20', '2025-09-17 18:40:20'),
	(118, 'K-073', 2, 'VIRTUAL', 2500.00, 'PREPARACION', '2025-09-17 18:42:43', '2025-09-17 18:42:43'),
	(119, 'K-074', 2, 'VIRTUAL', 2500.00, 'PREPARACION', '2025-09-17 18:43:23', '2025-09-17 18:43:23'),
	(120, 'K-075', 2, 'VIRTUAL', 2500.00, 'PREPARACION', '2025-09-17 18:47:09', '2025-09-17 18:47:09'),
	(121, 'K-076', 2, 'VIRTUAL', 2500.00, 'PREPARACION', '2025-09-17 18:49:36', '2025-09-17 18:49:36'),
	(122, 'K-077', 2, 'VIRTUAL', 2500.00, 'PREPARACION', '2025-09-17 18:50:41', '2025-09-17 18:50:41'),
	(123, 'K-078', 2, 'VIRTUAL', 2500.00, 'PREPARACION', '2025-09-17 18:51:20', '2025-09-17 18:51:20'),
	(124, 'K-079', 2, 'VIRTUAL', 4000.00, 'PREPARACION', '2025-09-17 18:52:15', '2025-09-17 18:52:15'),
	(125, 'K-080', 2, 'VIRTUAL', 4000.00, 'PREPARACION', '2025-09-17 18:55:35', '2025-09-17 18:55:35'),
	(126, 'K-081', 2, 'VIRTUAL', 4000.00, 'PREPARACION', '2025-09-17 18:55:41', '2025-09-17 18:55:41'),
	(127, 'K-082', 2, 'VIRTUAL', 4000.00, 'LISTO', '2025-09-17 18:57:24', '2025-09-19 18:44:56'),
	(128, 'K-083', 2, 'VIRTUAL', 3600.00, 'LISTO', '2025-09-17 18:58:53', '2025-09-19 18:43:32'),
	(132, 'DEBUG-084', 2, 'VIRTUAL', 100.00, 'CANCELADO', '2025-09-17 19:23:27', '2025-09-17 20:22:36'),
	(134, 'DEBUG-085', 2, 'VIRTUAL', 100.00, 'CANCELADO', '2025-09-17 19:24:57', '2025-09-17 20:22:33'),
	(135, 'DEBUG-086', 2, 'VIRTUAL', 100.00, 'CANCELADO', '2025-09-17 19:28:28', '2025-09-17 20:22:29'),
	(153, 'K-087', 2, 'EFECTIVO', 4300.00, 'PENDIENTE', '2025-09-21 19:09:04', '2025-09-21 19:09:04'),
	(154, 'K-088', 2, 'EFECTIVO', 4300.00, 'PENDIENTE', '2025-09-21 19:09:07', '2025-09-21 19:09:07'),
	(155, 'K-089', 2, 'EFECTIVO', 4300.00, 'PENDIENTE', '2025-09-21 19:09:22', '2025-09-21 19:09:22'),
	(156, 'K-090', 2, 'EFECTIVO', 4300.00, 'PENDIENTE', '2025-09-21 19:09:26', '2025-09-21 19:09:26'),
	(157, 'K-091', 2, 'EFECTIVO', 4300.00, 'PENDIENTE', '2025-09-21 19:11:18', '2025-09-21 19:11:18'),
	(158, 'K-092', 2, 'EFECTIVO', 5800.00, 'PENDIENTE', '2025-09-21 19:34:26', '2025-09-21 19:34:26'),
	(159, 'K-093', 2, 'EFECTIVO', 2500.00, 'PENDIENTE', '2025-09-22 18:22:22', '2025-09-22 18:22:22'),
	(160, 'K-094', 2, 'EFECTIVO', 2500.00, 'PENDIENTE', '2025-09-22 18:22:36', '2025-09-22 18:22:36'),
	(161, 'K-095', 2, 'EFECTIVO', 2500.00, 'PENDIENTE', '2025-09-22 18:22:43', '2025-09-22 18:22:43'),
	(162, 'K-096', 2, 'EFECTIVO', 2500.00, 'PENDIENTE', '2025-09-22 18:24:13', '2025-09-22 18:24:13'),
	(163, 'K-097', 2, 'EFECTIVO', 3500.00, 'PREPARACION', '2025-09-22 18:28:49', '2025-09-22 18:30:04'),
	(164, 'K-098', 2, 'EFECTIVO', 4200.00, 'PENDIENTE', '2025-09-22 18:36:28', '2025-09-22 18:36:28'),
	(165, 'K-099', 2, 'VIRTUAL', 2500.00, 'PREPARACION', '2025-09-22 18:42:31', '2025-09-22 18:42:31'),
	(166, 'K-100', 2, 'EFECTIVO', 2500.00, 'PENDIENTE', '2025-09-22 19:00:29', '2025-09-22 19:00:29'),
	(167, 'K-101', 2, 'EFECTIVO', 2500.00, 'PENDIENTE', '2025-09-22 19:01:03', '2025-09-22 19:01:03'),
	(169, 'K-102', 2, 'VIRTUAL', 3000.00, 'PREPARACION', '2025-09-22 19:37:32', '2025-09-22 19:37:32'),
	(170, 'K-103', 2, 'VIRTUAL', 2500.00, 'PREPARACION', '2025-09-22 20:43:05', '2025-09-22 20:43:05'),
	(171, 'K-104', 2, 'EFECTIVO', 1500.00, 'PENDIENTE', '2025-09-22 20:45:45', '2025-09-22 20:45:45'),
	(172, 'K-105', 2, 'EFECTIVO', 1800.00, 'PREPARACION', '2025-09-22 21:02:43', '2025-09-22 21:03:41'),
	(173, 'K-106', 2, 'EFECTIVO', 5400.00, 'PREPARACION', '2025-09-22 21:04:52', '2025-09-22 21:05:58'),
	(174, 'K-107', 2, 'EFECTIVO', 2000.00, 'PREPARACION', '2025-09-22 21:10:13', '2025-09-22 21:10:28'),
	(175, 'K-108', 2, 'EFECTIVO', 14600.00, 'LISTO', '2025-09-22 21:12:58', '2025-09-22 21:13:29'),
	(176, 'K-109', 2, 'EFECTIVO', 1000.00, 'PREPARACION', '2025-09-22 21:13:40', '2025-09-22 21:13:50'),
	(177, 'K-110', 2, 'EFECTIVO', 3600.00, 'PENDIENTE', '2025-09-22 21:31:59', '2025-09-22 21:31:59'),
	(178, 'K-111', 2, 'EFECTIVO', 3600.00, 'PENDIENTE', '2025-09-22 21:32:21', '2025-09-22 21:32:21'),
	(179, 'K-112', 2, 'EFECTIVO', 10000.00, 'PENDIENTE', '2025-09-22 21:32:54', '2025-09-22 21:32:54'),
	(180, 'K-113', 2, 'EFECTIVO', 4300.00, 'PENDIENTE', '2025-09-22 21:37:36', '2025-09-22 21:37:36'),
	(181, 'K-114', 2, 'EFECTIVO', 9800.00, 'PENDIENTE', '2025-09-22 21:55:14', '2025-09-22 21:55:14'),
	(182, 'K-115', 2, 'EFECTIVO', 1000.00, 'PENDIENTE', '2025-09-23 20:17:28', '2025-09-23 20:17:28'),
	(183, 'K-116', 2, 'VIRTUAL', 3600.00, 'PREPARACION', '2025-09-24 18:21:39', '2025-09-24 18:21:39');

-- Volcando estructura para tabla bg02.pedidos_proveedor
CREATE TABLE IF NOT EXISTS `pedidos_proveedor` (
  `id_pedido_proveedor` int(11) NOT NULL AUTO_INCREMENT,
  `id_proveedor` smallint(6) NOT NULL,
  `productos_solicitados` text NOT NULL,
  `mensaje_enviado` text NOT NULL,
  `via_envio` enum('whatsapp','email') NOT NULL,
  `creado_en` datetime NOT NULL DEFAULT current_timestamp(),
  PRIMARY KEY (`id_pedido_proveedor`),
  KEY `id_proveedor` (`id_proveedor`)
) ENGINE=InnoDB AUTO_INCREMENT=47 DEFAULT CHARSET=utf8mb4 COLLATE=utf8mb4_general_ci;

-- Volcando datos para la tabla bg02.pedidos_proveedor: ~35 rows (aproximadamente)
INSERT INTO `pedidos_proveedor` (`id_pedido_proveedor`, `id_proveedor`, `productos_solicitados`, `mensaje_enviado`, `via_envio`, `creado_en`) VALUES
	(8, 2, '- Coca Cola 237ml x140\n- Sprite 237ml x120', 'Hoal que tal dame panco', 'whatsapp', '2025-09-15 20:35:02'),
	(9, 2, '- Coca Cola 237ml x140\n- Sprite 237ml x120', 'Hoal que tal dame panco', 'whatsapp', '2025-09-15 20:35:07'),
	(10, 2, '- Coca Cola 237ml x140\n- Sprite 237ml x120', 'Hoal que tal dame panco', 'email', '2025-09-15 20:35:14'),
	(11, 2, '- Coca Cola 500ml x1\n- Fanta 237ml x1', 'Hola [CLIENTE]. Necesito reabastecer los siguientes productos:\n\n- Coca Cola 500ml x1\n- Fanta 237ml x1\n\n¿Podrían confirmarme disponibilidad y precio? \n\nGracias!', 'whatsapp', '2025-09-15 20:40:23'),
	(12, 2, '- Coca Cola 500ml x1\n- Fanta 237ml x1', 'Hola [CLIENTE]. Necesito reabastecer los siguientes productos:\n\n- Coca Cola 500ml x1\n- Fanta 237ml x1\n\n¿Podrían confirmarme disponibilidad y precio? \n\nGracias!', 'whatsapp', '2025-09-15 20:40:25'),
	(13, 2, '- Coca Cola 500ml x1\n- Fanta 237ml x1', 'Hola [CLIENTE]. Necesito reabastecer los siguientes productos:\n\n- Coca Cola 500ml x1\n- Fanta 237ml x1\n\n¿Podrían confirmarme disponibilidad y precio? \n\nGracias!', 'whatsapp', '2025-09-15 20:40:25'),
	(14, 2, '- Coca Cola 500ml x1\n- Fanta 237ml x1', 'Hola [CLIENTE]. Necesito reabastecer los siguientes productos:\n\n- Coca Cola 500ml x1\n- Fanta 237ml x1\n\n¿Podrían confirmarme disponibilidad y precio? \n\nGracias!', 'whatsapp', '2025-09-15 20:40:25'),
	(15, 2, '- Coca Cola 500ml x1\n- Fanta 237ml x1', 'Hola [CLIENTE]. Necesito reabastecer los siguientes productos:\n\n- Coca Cola 500ml x1\n- Fanta 237ml x1\n\n¿Podrían confirmarme disponibilidad y precio? \n\nGracias!', 'whatsapp', '2025-09-15 20:40:25'),
	(16, 2, '- Coca Cola 500ml x1\n- Fanta 237ml x1', 'Hola [CLIENTE]. Necesito reabastecer los siguientes productos:\n\n- Coca Cola 500ml x1\n- Fanta 237ml x1\n\n¿Podrían confirmarme disponibilidad y precio? \n\nGracias!', 'whatsapp', '2025-09-15 20:40:27'),
	(17, 2, '- Coca Cola 500ml x1\n- Fanta 237ml x1', 'Hola [CLIENTE]. Necesito reabastecer los siguientes productos:\n\n- Coca Cola 500ml x1\n- Fanta 237ml x1\n\n¿Podrían confirmarme disponibilidad y precio? \n\nGracias!', 'whatsapp', '2025-09-15 20:40:27'),
	(18, 2, '- Coca Cola 500ml x1\n- Fanta 237ml x1', 'Hola [CLIENTE]. Necesito reabastecer los siguientes productos:\n\n- Coca Cola 500ml x1\n- Fanta 237ml x1\n\n¿Podrían confirmarme disponibilidad y precio? \n\nGracias!', 'whatsapp', '2025-09-15 20:40:28'),
	(19, 2, '- Coca Cola 500ml x1\n- Fanta 237ml x1', 'Hola [CLIENTE]. Necesito reabastecer los siguientes productos:\n\n- Coca Cola 500ml x1\n- Fanta 237ml x1\n\n¿Podrían confirmarme disponibilidad y precio? \n\nGracias!', 'whatsapp', '2025-09-15 20:40:28'),
	(20, 2, '- Coca Cola 500ml x1\n- Fanta 237ml x1', 'Hola [CLIENTE]. Necesito reabastecer los siguientes productos:\n\n- Coca Cola 500ml x1\n- Fanta 237ml x1\n\n¿Podrían confirmarme disponibilidad y precio? \n\nGracias!', 'whatsapp', '2025-09-15 20:40:29'),
	(21, 2, '- Coca Cola 500ml x1\n- Fanta 237ml x1', 'Hola [CLIENTE]. Necesito reabastecer los siguientes productos:\n\n- Coca Cola 500ml x1\n- Fanta 237ml x1\n\n¿Podrían confirmarme disponibilidad y precio? \n\nGracias!', 'whatsapp', '2025-09-15 20:40:29'),
	(22, 2, '- Coca Cola 500ml x1\n- Fanta 237ml x1', 'Hola [CLIENTE]. Necesito reabastecer los siguientes productos:\n\n- Coca Cola 500ml x1\n- Fanta 237ml x1\n\n¿Podrían confirmarme disponibilidad y precio? \n\nGracias!', 'whatsapp', '2025-09-15 20:40:29'),
	(23, 2, '- Coca Cola 500ml x1\n- Fanta 237ml x1', 'Hola [CLIENTE]. Necesito reabastecer los siguientes productos:\n\n- Coca Cola 500ml x1\n- Fanta 237ml x1\n\n¿Podrían confirmarme disponibilidad y precio? \n\nGracias!', 'whatsapp', '2025-09-15 20:40:29'),
	(24, 2, '- Coca Cola 500ml x30\n- Fanta 237ml x1', 'Hola [CLIENTE]. Necesito URGENTE los siguientes productos:\n\n- Coca Cola 500ml x30\n- Fanta 237ml x1\n\n¿Pueden entregarlo hoy o mañana?\n\nMuchas gracias!', 'whatsapp', '2025-09-15 20:41:44'),
	(25, 2, '- Coca Cola 500ml x30\n- Fanta 237ml x1', 'Hola [CLIENTE]. Necesito URGENTE los siguientes productos:\n\n- Coca Cola 500ml x30\n- Fanta 237ml x1\n\n¿Pueden entregarlo hoy o mañana?\n\nMuchas gracias!', 'whatsapp', '2025-09-15 20:42:11'),
	(26, 2, '- Coca Cola 500ml x30\n- Fanta 237ml x1', 'Hola [CLIENTE]. Necesito URGENTE los siguientes productos:\n\n- Coca Cola 500ml x30\n- Fanta 237ml x1\n\n¿Pueden entregarlo hoy o mañana?\n\nMuchas gracias!', 'whatsapp', '2025-09-15 20:42:12'),
	(27, 2, '- Agua Villavicencio 500ml x20\n- Aquarius Manzana 500ml x20\n- Aquarius Pera 500ml x20\n- Aquarius Pomelo 500ml x30\n- Baggio Multifruta 1L x40\n- Baggio Naranja 1L x60\n- Cepita Manzana 200ml x20\n- Cepita Multifruta 200ml x20\n- Cepita Naranja 200ml x20\n- Coca Cola 237ml x20\n- Coca Cola 500ml x20\n- Fanta 237ml x20\n- Fanta 500ml x20\n- Powerade Azul x20\n- Powerade Manzana x20\n- Powerade Rojo x20\n- Sprite 237ml x20\n- Sprite 500ml x20', 'Hola [CLIENTE]. Necesito reabastecer los siguientes productos:\n\n- Agua Villavicencio 500ml x20\n- Aquarius Manzana 500ml x20\n- Aquarius Pera 500ml x20\n- Aquarius Pomelo 500ml x30\n- Baggio Multifruta 1L x40\n- Baggio Naranja 1L x60\n- Cepita Manzana 200ml x20\n- Cepita Multifruta 200ml x20\n- Cepita Naranja 200ml x20\n- Coca Cola 237ml x20\n- Coca Cola 500ml x20\n- Fanta 237ml x20\n- Fanta 500ml x20\n- Powerade Azul x20\n- Powerade Manzana x20\n- Powerade Rojo x20\n- Sprite 237ml x20\n- Sprite 500ml x20\n\n¿Podrían confirmarme disponibilidad y precio? \n\nGracias!', 'email', '2025-09-19 20:44:27'),
	(28, 2, '- Agua Villavicencio 500ml x20\n- Aquarius Manzana 500ml x20\n- Aquarius Pera 500ml x20\n- Aquarius Pomelo 500ml x30\n- Baggio Multifruta 1L x40\n- Baggio Naranja 1L x60\n- Cepita Manzana 200ml x20\n- Cepita Multifruta 200ml x20\n- Cepita Naranja 200ml x20\n- Coca Cola 237ml x20\n- Coca Cola 500ml x20\n- Fanta 237ml x20\n- Fanta 500ml x20\n- Powerade Azul x20\n- Powerade Manzana x20\n- Powerade Rojo x20\n- Sprite 237ml x20\n- Sprite 500ml x20', 'Hola [CLIENTE]. Necesito reabastecer los siguientes productos:\n\n- Agua Villavicencio 500ml x20\n- Aquarius Manzana 500ml x20\n- Aquarius Pera 500ml x20\n- Aquarius Pomelo 500ml x30\n- Baggio Multifruta 1L x40\n- Baggio Naranja 1L x60\n- Cepita Manzana 200ml x20\n- Cepita Multifruta 200ml x20\n- Cepita Naranja 200ml x20\n- Coca Cola 237ml x20\n- Coca Cola 500ml x20\n- Fanta 237ml x20\n- Fanta 500ml x20\n- Powerade Azul x20\n- Powerade Manzana x20\n- Powerade Rojo x20\n- Sprite 237ml x20\n- Sprite 500ml x20\n\n¿Podrían confirmarme disponibilidad y precio? \n\nGracias!', 'email', '2025-09-19 20:44:28'),
	(29, 2, '- Agua Villavicencio 500ml x20\n- Aquarius Manzana 500ml x20\n- Aquarius Pera 500ml x20\n- Aquarius Pomelo 500ml x30\n- Baggio Multifruta 1L x40\n- Baggio Naranja 1L x60\n- Cepita Manzana 200ml x20\n- Cepita Multifruta 200ml x20\n- Cepita Naranja 200ml x20\n- Coca Cola 237ml x20\n- Coca Cola 500ml x20\n- Fanta 237ml x20\n- Fanta 500ml x20\n- Powerade Azul x20\n- Powerade Manzana x20\n- Powerade Rojo x20\n- Sprite 237ml x20\n- Sprite 500ml x20', 'Hola [CLIENTE]. Necesito reabastecer los siguientes productos:\n\n- Agua Villavicencio 500ml x20\n- Aquarius Manzana 500ml x20\n- Aquarius Pera 500ml x20\n- Aquarius Pomelo 500ml x30\n- Baggio Multifruta 1L x40\n- Baggio Naranja 1L x60\n- Cepita Manzana 200ml x20\n- Cepita Multifruta 200ml x20\n- Cepita Naranja 200ml x20\n- Coca Cola 237ml x20\n- Coca Cola 500ml x20\n- Fanta 237ml x20\n- Fanta 500ml x20\n- Powerade Azul x20\n- Powerade Manzana x20\n- Powerade Rojo x20\n- Sprite 237ml x20\n- Sprite 500ml x20\n\n¿Podrían confirmarme disponibilidad y precio? \n\nGracias!', 'whatsapp', '2025-09-19 20:44:33'),
	(30, 2, '- Agua Villavicencio 500ml x20\n- Aquarius Manzana 500ml x20\n- Aquarius Pera 500ml x20\n- Aquarius Pomelo 500ml x30\n- Baggio Multifruta 1L x40\n- Baggio Naranja 1L x60\n- Cepita Manzana 200ml x20\n- Cepita Multifruta 200ml x20\n- Cepita Naranja 200ml x20\n- Coca Cola 237ml x20\n- Coca Cola 500ml x20\n- Fanta 237ml x20\n- Fanta 500ml x20\n- Powerade Azul x20\n- Powerade Manzana x20\n- Powerade Rojo x20\n- Sprite 237ml x20\n- Sprite 500ml x20', 'Hola [CLIENTE]. Necesito reabastecer los siguientes productos:\n\n- Agua Villavicencio 500ml x20\n- Aquarius Manzana 500ml x20\n- Aquarius Pera 500ml x20\n- Aquarius Pomelo 500ml x30\n- Baggio Multifruta 1L x40\n- Baggio Naranja 1L x60\n- Cepita Manzana 200ml x20\n- Cepita Multifruta 200ml x20\n- Cepita Naranja 200ml x20\n- Coca Cola 237ml x20\n- Coca Cola 500ml x20\n- Fanta 237ml x20\n- Fanta 500ml x20\n- Powerade Azul x20\n- Powerade Manzana x20\n- Powerade Rojo x20\n- Sprite 237ml x20\n- Sprite 500ml x20\n\n¿Podrían confirmarme disponibilidad y precio? \n\nGracias!', 'whatsapp', '2025-09-19 20:44:34'),
	(31, 2, '- Agua Villavicencio 500ml x20\n- Aquarius Manzana 500ml x20\n- Aquarius Pera 500ml x20\n- Aquarius Pomelo 500ml x30\n- Baggio Multifruta 1L x40\n- Baggio Naranja 1L x60\n- Cepita Manzana 200ml x20\n- Cepita Multifruta 200ml x20\n- Cepita Naranja 200ml x20\n- Coca Cola 237ml x20\n- Coca Cola 500ml x20\n- Fanta 237ml x20\n- Fanta 500ml x20\n- Powerade Azul x20\n- Powerade Manzana x20\n- Powerade Rojo x20\n- Sprite 237ml x20\n- Sprite 500ml x20', 'Hola [CLIENTE]. Necesito reabastecer los siguientes productos:\n\n- Agua Villavicencio 500ml x20\n- Aquarius Manzana 500ml x20\n- Aquarius Pera 500ml x20\n- Aquarius Pomelo 500ml x30\n- Baggio Multifruta 1L x40\n- Baggio Naranja 1L x60\n- Cepita Manzana 200ml x20\n- Cepita Multifruta 200ml x20\n- Cepita Naranja 200ml x20\n- Coca Cola 237ml x20\n- Coca Cola 500ml x20\n- Fanta 237ml x20\n- Fanta 500ml x20\n- Powerade Azul x20\n- Powerade Manzana x20\n- Powerade Rojo x20\n- Sprite 237ml x20\n- Sprite 500ml x20\n\n¿Podrían confirmarme disponibilidad y precio? \n\nGracias!', 'email', '2025-09-19 20:45:16'),
	(32, 2, '- Agua Villavicencio 500ml x20\n- Aquarius Manzana 500ml x20\n- Aquarius Pera 500ml x20\n- Aquarius Pomelo 500ml x30\n- Baggio Multifruta 1L x40\n- Baggio Naranja 1L x60\n- Cepita Manzana 200ml x20\n- Cepita Multifruta 200ml x20\n- Cepita Naranja 200ml x20\n- Coca Cola 237ml x20\n- Coca Cola 500ml x20\n- Fanta 237ml x20\n- Fanta 500ml x20\n- Powerade Azul x20\n- Powerade Manzana x20\n- Powerade Rojo x20\n- Sprite 237ml x20\n- Sprite 500ml x20', 'Hola [CLIENTE]. Necesito reabastecer los siguientes productos:\n\n- Agua Villavicencio 500ml x20\n- Aquarius Manzana 500ml x20\n- Aquarius Pera 500ml x20\n- Aquarius Pomelo 500ml x30\n- Baggio Multifruta 1L x40\n- Baggio Naranja 1L x60\n- Cepita Manzana 200ml x20\n- Cepita Multifruta 200ml x20\n- Cepita Naranja 200ml x20\n- Coca Cola 237ml x20\n- Coca Cola 500ml x20\n- Fanta 237ml x20\n- Fanta 500ml x20\n- Powerade Azul x20\n- Powerade Manzana x20\n- Powerade Rojo x20\n- Sprite 237ml x20\n- Sprite 500ml x20\n\n¿Podrían confirmarme disponibilidad y precio? \n\nGracias!', 'email', '2025-09-19 20:45:17'),
	(33, 2, '- Agua Villavicencio 500ml x20\n- Aquarius Manzana 500ml x20\n- Aquarius Pera 500ml x20\n- Aquarius Pomelo 500ml x30\n- Baggio Multifruta 1L x40\n- Baggio Naranja 1L x60\n- Cepita Manzana 200ml x20\n- Cepita Multifruta 200ml x20\n- Cepita Naranja 200ml x20\n- Coca Cola 237ml x20\n- Coca Cola 500ml x20\n- Fanta 237ml x20\n- Fanta 500ml x20\n- Powerade Azul x20\n- Powerade Manzana x20\n- Powerade Rojo x20\n- Sprite 237ml x20\n- Sprite 500ml x20', 'Hola [CLIENTE]. Necesito reabastecer los siguientes productos:\n\n- Agua Villavicencio 500ml x20\n- Aquarius Manzana 500ml x20\n- Aquarius Pera 500ml x20\n- Aquarius Pomelo 500ml x30\n- Baggio Multifruta 1L x40\n- Baggio Naranja 1L x60\n- Cepita Manzana 200ml x20\n- Cepita Multifruta 200ml x20\n- Cepita Naranja 200ml x20\n- Coca Cola 237ml x20\n- Coca Cola 500ml x20\n- Fanta 237ml x20\n- Fanta 500ml x20\n- Powerade Azul x20\n- Powerade Manzana x20\n- Powerade Rojo x20\n- Sprite 237ml x20\n- Sprite 500ml x20\n\n¿Podrían confirmarme disponibilidad y precio? \n\nGracias!', 'email', '2025-09-19 20:45:17'),
	(34, 2, '- Agua Villavicencio 500ml x5\n- Aquarius Manzana 500ml x20\n- Aquarius Pera 500ml x20\n- Aquarius Pomelo 500ml x20\n- Baggio Multifruta 1L x20\n- Baggio Naranja 1L x20\n- Cepita Manzana 200ml x20\n- Cepita Multifruta 200ml x20\n- Cepita Naranja 200ml x20\n- Coca Cola 237ml x20\n- Coca Cola 500ml x20\n- Fanta 237ml x20\n- Fanta 500ml x20\n- Powerade Azul x20\n- Powerade Manzana x20\n- Powerade Rojo x20\n- Sprite 237ml x29\n- Sprite 500ml x29', 'Hola [CLIENTE]. Necesito reabastecer los siguientes productos:\n\n- Agua Villavicencio 500ml x5\n- Aquarius Manzana 500ml x20\n- Aquarius Pera 500ml x20\n- Aquarius Pomelo 500ml x20\n- Baggio Multifruta 1L x20\n- Baggio Naranja 1L x20\n- Cepita Manzana 200ml x20\n- Cepita Multifruta 200ml x20\n- Cepita Naranja 200ml x20\n- Coca Cola 237ml x20\n- Coca Cola 500ml x20\n- Fanta 237ml x20\n- Fanta 500ml x20\n- Powerade Azul x20\n- Powerade Manzana x20\n- Powerade Rojo x20\n- Sprite 237ml x29\n- Sprite 500ml x29\n\n¿Podrían confirmarme disponibilidad y precio? \n\nGracias!', 'email', '2025-09-19 20:46:13'),
	(35, 2, '- Agua Villavicencio 500ml x5\n- Aquarius Manzana 500ml x20\n- Aquarius Pera 500ml x20\n- Aquarius Pomelo 500ml x20\n- Baggio Multifruta 1L x20\n- Baggio Naranja 1L x20\n- Cepita Manzana 200ml x20\n- Cepita Multifruta 200ml x20\n- Cepita Naranja 200ml x20\n- Coca Cola 237ml x20\n- Coca Cola 500ml x20\n- Fanta 237ml x20\n- Fanta 500ml x20\n- Powerade Azul x20\n- Powerade Manzana x20\n- Powerade Rojo x20\n- Sprite 237ml x29\n- Sprite 500ml x29', 'Hola [CLIENTE]. Necesito reabastecer los siguientes productos:\n\n- Agua Villavicencio 500ml x5\n- Aquarius Manzana 500ml x20\n- Aquarius Pera 500ml x20\n- Aquarius Pomelo 500ml x20\n- Baggio Multifruta 1L x20\n- Baggio Naranja 1L x20\n- Cepita Manzana 200ml x20\n- Cepita Multifruta 200ml x20\n- Cepita Naranja 200ml x20\n- Coca Cola 237ml x20\n- Coca Cola 500ml x20\n- Fanta 237ml x20\n- Fanta 500ml x20\n- Powerade Azul x20\n- Powerade Manzana x20\n- Powerade Rojo x20\n- Sprite 237ml x29\n- Sprite 500ml x29\n\n¿Podrían confirmarme disponibilidad y precio? \n\nGracias!', 'whatsapp', '2025-09-19 20:46:15'),
	(36, 2, '- Agua Villavicencio 500ml x5\n- Aquarius Manzana 500ml x20\n- Aquarius Pera 500ml x20\n- Aquarius Pomelo 500ml x20\n- Baggio Multifruta 1L x20\n- Baggio Naranja 1L x20\n- Cepita Manzana 200ml x20\n- Cepita Multifruta 200ml x20\n- Cepita Naranja 200ml x20\n- Coca Cola 237ml x20\n- Coca Cola 500ml x20\n- Fanta 237ml x20\n- Fanta 500ml x20\n- Powerade Azul x20\n- Powerade Manzana x20\n- Powerade Rojo x20\n- Sprite 237ml x29\n- Sprite 500ml x29', 'Hola [CLIENTE]. Necesito reabastecer los siguientes productos:\n\n- Agua Villavicencio 500ml x5\n- Aquarius Manzana 500ml x20\n- Aquarius Pera 500ml x20\n- Aquarius Pomelo 500ml x20\n- Baggio Multifruta 1L x20\n- Baggio Naranja 1L x20\n- Cepita Manzana 200ml x20\n- Cepita Multifruta 200ml x20\n- Cepita Naranja 200ml x20\n- Coca Cola 237ml x20\n- Coca Cola 500ml x20\n- Fanta 237ml x20\n- Fanta 500ml x20\n- Powerade Azul x20\n- Powerade Manzana x20\n- Powerade Rojo x20\n- Sprite 237ml x29\n- Sprite 500ml x29\n\n¿Podrían confirmarme disponibilidad y precio? \n\nGracias!', 'whatsapp', '2025-09-19 20:46:15'),
	(37, 2, '- Agua Villavicencio 500ml x5\n- Aquarius Manzana 500ml x20\n- Aquarius Pera 500ml x20\n- Aquarius Pomelo 500ml x20\n- Baggio Multifruta 1L x20\n- Baggio Naranja 1L x20\n- Cepita Manzana 200ml x20\n- Cepita Multifruta 200ml x20\n- Cepita Naranja 200ml x20\n- Coca Cola 237ml x20\n- Coca Cola 500ml x20\n- Fanta 237ml x20\n- Fanta 500ml x20\n- Powerade Azul x20\n- Powerade Manzana x20\n- Powerade Rojo x20\n- Sprite 237ml x29\n- Sprite 500ml x29', 'Hola [CLIENTE]. Necesito reabastecer los siguientes productos:\n\n- Agua Villavicencio 500ml x5\n- Aquarius Manzana 500ml x20\n- Aquarius Pera 500ml x20\n- Aquarius Pomelo 500ml x20\n- Baggio Multifruta 1L x20\n- Baggio Naranja 1L x20\n- Cepita Manzana 200ml x20\n- Cepita Multifruta 200ml x20\n- Cepita Naranja 200ml x20\n- Coca Cola 237ml x20\n- Coca Cola 500ml x20\n- Fanta 237ml x20\n- Fanta 500ml x20\n- Powerade Azul x20\n- Powerade Manzana x20\n- Powerade Rojo x20\n- Sprite 237ml x29\n- Sprite 500ml x29\n\n¿Podrían confirmarme disponibilidad y precio? \n\nGracias!', 'whatsapp', '2025-09-19 20:46:16'),
	(38, 2, '- Agua Villavicencio 500ml x5\n- Aquarius Manzana 500ml x20\n- Aquarius Pera 500ml x20\n- Aquarius Pomelo 500ml x20\n- Baggio Multifruta 1L x20\n- Baggio Naranja 1L x20\n- Cepita Manzana 200ml x20\n- Cepita Multifruta 200ml x20\n- Cepita Naranja 200ml x20\n- Coca Cola 237ml x20\n- Coca Cola 500ml x20\n- Fanta 237ml x20\n- Fanta 500ml x20\n- Powerade Azul x20\n- Powerade Manzana x20\n- Powerade Rojo x20\n- Sprite 237ml x29\n- Sprite 500ml x29', 'Hola [CLIENTE]. Necesito reabastecer los siguientes productos:\n\n- Agua Villavicencio 500ml x5\n- Aquarius Manzana 500ml x20\n- Aquarius Pera 500ml x20\n- Aquarius Pomelo 500ml x20\n- Baggio Multifruta 1L x20\n- Baggio Naranja 1L x20\n- Cepita Manzana 200ml x20\n- Cepita Multifruta 200ml x20\n- Cepita Naranja 200ml x20\n- Coca Cola 237ml x20\n- Coca Cola 500ml x20\n- Fanta 237ml x20\n- Fanta 500ml x20\n- Powerade Azul x20\n- Powerade Manzana x20\n- Powerade Rojo x20\n- Sprite 237ml x29\n- Sprite 500ml x29\n\n¿Podrían confirmarme disponibilidad y precio? \n\nGracias!', 'whatsapp', '2025-09-19 20:46:16'),
	(39, 2, '- Agua Villavicencio 500ml x5\n- Aquarius Manzana 500ml x20\n- Aquarius Pera 500ml x20\n- Aquarius Pomelo 500ml x20\n- Baggio Multifruta 1L x20\n- Baggio Naranja 1L x20\n- Cepita Manzana 200ml x20\n- Cepita Multifruta 200ml x20\n- Cepita Naranja 200ml x20\n- Coca Cola 237ml x20\n- Coca Cola 500ml x20\n- Fanta 237ml x20\n- Fanta 500ml x20\n- Powerade Azul x20\n- Powerade Manzana x20\n- Powerade Rojo x20\n- Sprite 237ml x29\n- Sprite 500ml x29', 'Hola [CLIENTE]. Necesito reabastecer los siguientes productos:\n\n- Agua Villavicencio 500ml x5\n- Aquarius Manzana 500ml x20\n- Aquarius Pera 500ml x20\n- Aquarius Pomelo 500ml x20\n- Baggio Multifruta 1L x20\n- Baggio Naranja 1L x20\n- Cepita Manzana 200ml x20\n- Cepita Multifruta 200ml x20\n- Cepita Naranja 200ml x20\n- Coca Cola 237ml x20\n- Coca Cola 500ml x20\n- Fanta 237ml x20\n- Fanta 500ml x20\n- Powerade Azul x20\n- Powerade Manzana x20\n- Powerade Rojo x20\n- Sprite 237ml x29\n- Sprite 500ml x29\n\n¿Podrían confirmarme disponibilidad y precio? \n\nGracias!', 'whatsapp', '2025-09-19 20:46:16'),
	(40, 2, '- Agua Villavicencio 500ml x5\n- Aquarius Manzana 500ml x20\n- Aquarius Pera 500ml x20\n- Aquarius Pomelo 500ml x20\n- Baggio Multifruta 1L x20\n- Baggio Naranja 1L x20\n- Cepita Manzana 200ml x20\n- Cepita Multifruta 200ml x20\n- Cepita Naranja 200ml x20\n- Coca Cola 237ml x20\n- Coca Cola 500ml x20\n- Fanta 237ml x20\n- Fanta 500ml x20\n- Powerade Azul x20\n- Powerade Manzana x20\n- Powerade Rojo x20\n- Sprite 237ml x29\n- Sprite 500ml x29', 'Hola [CLIENTE]. Necesito reabastecer los siguientes productos:\n\n- Agua Villavicencio 500ml x5\n- Aquarius Manzana 500ml x20\n- Aquarius Pera 500ml x20\n- Aquarius Pomelo 500ml x20\n- Baggio Multifruta 1L x20\n- Baggio Naranja 1L x20\n- Cepita Manzana 200ml x20\n- Cepita Multifruta 200ml x20\n- Cepita Naranja 200ml x20\n- Coca Cola 237ml x20\n- Coca Cola 500ml x20\n- Fanta 237ml x20\n- Fanta 500ml x20\n- Powerade Azul x20\n- Powerade Manzana x20\n- Powerade Rojo x20\n- Sprite 237ml x29\n- Sprite 500ml x29\n\n¿Podrían confirmarme disponibilidad y precio? \n\nGracias!', 'whatsapp', '2025-09-19 20:46:17'),
	(41, 2, '- Agua Villavicencio 500ml x5\n- Aquarius Manzana 500ml x20\n- Aquarius Pera 500ml x20\n- Aquarius Pomelo 500ml x20\n- Baggio Multifruta 1L x20\n- Baggio Naranja 1L x20\n- Cepita Manzana 200ml x20\n- Cepita Multifruta 200ml x20\n- Cepita Naranja 200ml x20\n- Coca Cola 237ml x20\n- Coca Cola 500ml x20\n- Fanta 237ml x20\n- Fanta 500ml x20\n- Powerade Azul x20\n- Powerade Manzana x20\n- Powerade Rojo x20\n- Sprite 237ml x29\n- Sprite 500ml x29', 'Hola [CLIENTE]. Necesito reabastecer los siguientes productos:\n\n- Agua Villavicencio 500ml x5\n- Aquarius Manzana 500ml x20\n- Aquarius Pera 500ml x20\n- Aquarius Pomelo 500ml x20\n- Baggio Multifruta 1L x20\n- Baggio Naranja 1L x20\n- Cepita Manzana 200ml x20\n- Cepita Multifruta 200ml x20\n- Cepita Naranja 200ml x20\n- Coca Cola 237ml x20\n- Coca Cola 500ml x20\n- Fanta 237ml x20\n- Fanta 500ml x20\n- Powerade Azul x20\n- Powerade Manzana x20\n- Powerade Rojo x20\n- Sprite 237ml x29\n- Sprite 500ml x29\n\n¿Podrían confirmarme disponibilidad y precio? \n\nGracias!', 'whatsapp', '2025-09-19 20:46:17'),
	(42, 2, '- Agua Villavicencio 500ml x5\n- Aquarius Manzana 500ml x20\n- Aquarius Pera 500ml x20\n- Aquarius Pomelo 500ml x20\n- Baggio Multifruta 1L x20\n- Baggio Naranja 1L x20\n- Cepita Manzana 200ml x20\n- Cepita Multifruta 200ml x20\n- Cepita Naranja 200ml x20\n- Coca Cola 237ml x20\n- Coca Cola 500ml x20\n- Fanta 237ml x20\n- Fanta 500ml x20\n- Powerade Azul x20\n- Powerade Manzana x20\n- Powerade Rojo x20\n- Sprite 237ml x29\n- Sprite 500ml x29', 'Hola [CLIENTE]. Necesito reabastecer los siguientes productos:\n\n- Agua Villavicencio 500ml x5\n- Aquarius Manzana 500ml x20\n- Aquarius Pera 500ml x20\n- Aquarius Pomelo 500ml x20\n- Baggio Multifruta 1L x20\n- Baggio Naranja 1L x20\n- Cepita Manzana 200ml x20\n- Cepita Multifruta 200ml x20\n- Cepita Naranja 200ml x20\n- Coca Cola 237ml x20\n- Coca Cola 500ml x20\n- Fanta 237ml x20\n- Fanta 500ml x20\n- Powerade Azul x20\n- Powerade Manzana x20\n- Powerade Rojo x20\n- Sprite 237ml x29\n- Sprite 500ml x29\n\n¿Podrían confirmarme disponibilidad y precio? \n\nGracias!', 'whatsapp', '2025-09-19 20:46:17'),
	(43, 2, '- Agua Villavicencio 500ml x5\n- Aquarius Manzana 500ml x20\n- Aquarius Pera 500ml x20\n- Aquarius Pomelo 500ml x20\n- Baggio Multifruta 1L x20\n- Baggio Naranja 1L x20\n- Cepita Manzana 200ml x20\n- Cepita Multifruta 200ml x20\n- Cepita Naranja 200ml x20\n- Coca Cola 237ml x20\n- Coca Cola 500ml x20\n- Fanta 237ml x20\n- Fanta 500ml x20\n- Powerade Azul x20\n- Powerade Manzana x20\n- Powerade Rojo x20\n- Sprite 237ml x29\n- Sprite 500ml x29', 'Hola [CLIENTE]. Necesito reabastecer los siguientes productos:\n\n- Agua Villavicencio 500ml x5\n- Aquarius Manzana 500ml x20\n- Aquarius Pera 500ml x20\n- Aquarius Pomelo 500ml x20\n- Baggio Multifruta 1L x20\n- Baggio Naranja 1L x20\n- Cepita Manzana 200ml x20\n- Cepita Multifruta 200ml x20\n- Cepita Naranja 200ml x20\n- Coca Cola 237ml x20\n- Coca Cola 500ml x20\n- Fanta 237ml x20\n- Fanta 500ml x20\n- Powerade Azul x20\n- Powerade Manzana x20\n- Powerade Rojo x20\n- Sprite 237ml x29\n- Sprite 500ml x29\n\n¿Podrían confirmarme disponibilidad y precio? \n\nGracias!', 'whatsapp', '2025-09-19 20:46:45'),
	(44, 2, '- Agua Villavicencio 500ml x5\n- Aquarius Manzana 500ml x20\n- Aquarius Pera 500ml x20\n- Aquarius Pomelo 500ml x20\n- Baggio Multifruta 1L x20\n- Baggio Naranja 1L x20\n- Cepita Manzana 200ml x20\n- Cepita Multifruta 200ml x20\n- Cepita Naranja 200ml x20\n- Coca Cola 237ml x20\n- Coca Cola 500ml x20\n- Fanta 237ml x20\n- Fanta 500ml x20\n- Powerade Azul x20\n- Powerade Manzana x20\n- Powerade Rojo x20\n- Sprite 237ml x29\n- Sprite 500ml x29', 'Hola [CLIENTE]. Necesito reabastecer los siguientes productos:\n\n- Agua Villavicencio 500ml x5\n- Aquarius Manzana 500ml x20\n- Aquarius Pera 500ml x20\n- Aquarius Pomelo 500ml x20\n- Baggio Multifruta 1L x20\n- Baggio Naranja 1L x20\n- Cepita Manzana 200ml x20\n- Cepita Multifruta 200ml x20\n- Cepita Naranja 200ml x20\n- Coca Cola 237ml x20\n- Coca Cola 500ml x20\n- Fanta 237ml x20\n- Fanta 500ml x20\n- Powerade Azul x20\n- Powerade Manzana x20\n- Powerade Rojo x20\n- Sprite 237ml x29\n- Sprite 500ml x29\n\n¿Podrían confirmarme disponibilidad y precio? \n\nGracias!', 'whatsapp', '2025-09-19 20:47:48'),
	(45, 2, '- Agua Villavicencio 500ml x20\n- Aquarius Manzana 500ml x20\n- Aquarius Pera 500ml x20\n- Aquarius Pomelo 500ml x20\n- Baggio Multifruta 1L x20\n- Baggio Naranja 1L x20\n- Cepita Manzana 200ml x20\n- Cepita Multifruta 200ml x20\n- Cepita Naranja 200ml x20\n- Coca Cola 237ml x20\n- Coca Cola 500ml x20\n- Fanta 237ml x20\n- Fanta 500ml x20\n- Powerade Azul x20\n- Powerade Manzana x20\n- Powerade Rojo x20\n- Sprite 237ml x20\n- Sprite 500ml x20', 'Hola [CLIENTE]. Necesito reabastecer los siguientes productos:\n\n- Agua Villavicencio 500ml x20\n- Aquarius Manzana 500ml x20\n- Aquarius Pera 500ml x20\n- Aquarius Pomelo 500ml x20\n- Baggio Multifruta 1L x20\n- Baggio Naranja 1L x20\n- Cepita Manzana 200ml x20\n- Cepita Multifruta 200ml x20\n- Cepita Naranja 200ml x20\n- Coca Cola 237ml x20\n- Coca Cola 500ml x20\n- Fanta 237ml x20\n- Fanta 500ml x20\n- Powerade Azul x20\n- Powerade Manzana x20\n- Powerade Rojo x20\n- Sprite 237ml x20\n- Sprite 500ml x20\n\n¿Podrían confirmarme disponibilidad y precio? \n\nGracias!', 'email', '2025-09-19 21:17:36'),
	(46, 2, '- Agua Villavicencio 500ml x1\n- Aquarius Manzana 500ml x1\n- Aquarius Pera 500ml x1\n- Aquarius Pomelo 500ml x1\n- Baggio Multifruta 1L x1\n- Baggio Naranja 1L x1\n- Cepita Manzana 200ml x1\n- Cepita Multifruta 200ml x1\n- Cepita Naranja 200ml x1\n- Coca Cola 237ml x1\n- Coca Cola 500ml x1\n- Fanta 237ml x1\n- Fanta 500ml x1\n- Powerade Azul x1\n- Powerade Manzana x1\n- Powerade Rojo x1\n- Sprite 237ml x1\n- Sprite 500ml x1', 'Hola [CLIENTE]. Necesito reabastecer los siguientes productos:\n\n- Agua Villavicencio 500ml x1\n- Aquarius Manzana 500ml x1\n- Aquarius Pera 500ml x1\n- Aquarius Pomelo 500ml x1\n- Baggio Multifruta 1L x1\n- Baggio Naranja 1L x1\n- Cepita Manzana 200ml x1\n- Cepita Multifruta 200ml x1\n- Cepita Naranja 200ml x1\n- Coca Cola 237ml x1\n- Coca Cola 500ml x1\n- Fanta 237ml x1\n- Fanta 500ml x1\n- Powerade Azul x1\n- Powerade Manzana x1\n- Powerade Rojo x1\n- Sprite 237ml x1\n- Sprite 500ml x1\n\n¿Podrían confirmarme disponibilidad y precio? \n\nGracias!', 'whatsapp', '2025-09-19 21:32:18');

-- Volcando estructura para tabla bg02.personalizaciones_item
CREATE TABLE IF NOT EXISTS `personalizaciones_item` (
  `id_personalizacion` int(11) NOT NULL AUTO_INCREMENT,
  `id_opcion` smallint(6) NOT NULL,
  `id_item_pedido` smallint(6) DEFAULT NULL,
  PRIMARY KEY (`id_personalizacion`),
  KEY `id_item_pedido` (`id_item_pedido`),
  KEY `id_opcion` (`id_opcion`),
  CONSTRAINT `personalizaciones_item_ibfk_1` FOREIGN KEY (`id_item_pedido`) REFERENCES `items_pedido` (`id_item_pedido`)
) ENGINE=InnoDB AUTO_INCREMENT=117 DEFAULT CHARSET=utf8mb4 COLLATE=utf8mb4_general_ci;

-- Volcando datos para la tabla bg02.personalizaciones_item: ~51 rows (aproximadamente)
INSERT INTO `personalizaciones_item` (`id_personalizacion`, `id_opcion`, `id_item_pedido`) VALUES
	(66, 33, 115),
	(67, 34, 115),
	(68, 33, 119),
	(69, 34, 119),
	(70, 33, 137),
	(71, 34, 137),
	(72, 35, 137),
	(73, 33, 169),
	(74, 37, 169),
	(75, 33, 171),
	(76, 34, 171),
	(77, 35, 171),
	(78, 33, 180),
	(79, 34, 180),
	(80, 35, 180),
	(81, 36, 180),
	(82, 37, 180),
	(83, 33, 265),
	(84, 34, 265),
	(85, 35, 265),
	(86, 33, 276),
	(87, 34, 276),
	(88, 35, 276),
	(89, 34, 356),
	(90, 35, 358),
	(91, 48, 419),
	(92, 48, 422),
	(93, 48, 425),
	(94, 48, 428),
	(95, 48, 431),
	(96, 49, 456),
	(97, 50, 456),
	(98, 49, 461),
	(99, 46, 462),
	(100, 49, 463),
	(101, 46, 464),
	(102, 46, 468),
	(103, 46, 469),
	(104, 47, 469),
	(105, 47, 470),
	(106, 46, 472),
	(107, 47, 472),
	(108, 49, 473),
	(109, 47, 474),
	(110, 46, 475),
	(111, 48, 475),
	(112, 46, 477),
	(113, 47, 478),
	(114, 49, 478),
	(115, 46, 481),
	(116, 48, 481);

-- Volcando estructura para tabla bg02.plantillas_mensaje
CREATE TABLE IF NOT EXISTS `plantillas_mensaje` (
  `id_plantilla` tinyint(4) NOT NULL AUTO_INCREMENT,
  `nombre` varchar(50) NOT NULL,
  `contenido` text NOT NULL,
  `activa` tinyint(1) NOT NULL DEFAULT 1,
  `creado_en` datetime NOT NULL DEFAULT current_timestamp(),
  `actualizado_en` datetime NOT NULL DEFAULT current_timestamp() ON UPDATE current_timestamp(),
  PRIMARY KEY (`id_plantilla`)
) ENGINE=InnoDB AUTO_INCREMENT=12 DEFAULT CHARSET=utf8mb4 COLLATE=utf8mb4_general_ci;

-- Volcando datos para la tabla bg02.plantillas_mensaje: ~3 rows (aproximadamente)
INSERT INTO `plantillas_mensaje` (`id_plantilla`, `nombre`, `contenido`, `activa`, `creado_en`, `actualizado_en`) VALUES
	(1, 'Pedido Restock Básico', 'Hola [CLIENTE]. Necesito reabastecer los siguientes productos:\n\n[PRODUCTOS]\n\n¿Podrían confirmarme disponibilidad y precio? \n\nGracias!', 1, '2025-09-01 18:29:55', '2025-09-01 18:29:55'),
	(2, 'Pedido Urgente', 'Hola [CLIENTE]. Necesito URGENTE los siguientes productos:\n\n[PRODUCTOS]\n\n¿Pueden entregarlo hoy o mañana?\n\nMuchas gracias!', 1, '2025-09-01 18:29:55', '2025-09-01 18:29:55'),
	(3, 'Consulta Stock', 'Hola [CLIENTE]. ¿Tienen disponibilidad de estos productos?\n\n[PRODUCTOS]\n\nQuedo atento a su respuesta.', 1, '2025-09-01 18:29:55', '2025-09-19 21:16:48');

-- Volcando estructura para tabla bg02.productos
CREATE TABLE IF NOT EXISTS `productos` (
  `id_producto` smallint(6) NOT NULL AUTO_INCREMENT,
  `nombre` varchar(100) NOT NULL,
  `precio_venta` decimal(8,2) NOT NULL,
  `precio_lista` decimal(8,2) DEFAULT NULL,
  `url_imagen` varchar(255) DEFAULT NULL,
  `es_personalizable` tinyint(1) NOT NULL DEFAULT 0,
  `id_punto_venta` tinyint(4) DEFAULT NULL,
  `id_categoria` tinyint(4) DEFAULT NULL,
  `estado` tinyint(1) NOT NULL DEFAULT 1,
  `creado_en` datetime NOT NULL DEFAULT current_timestamp(),
  `actualizado_en` datetime NOT NULL DEFAULT current_timestamp() ON UPDATE current_timestamp(),
  `eliminado` tinyint(1) NOT NULL DEFAULT 0,
  PRIMARY KEY (`id_producto`),
  KEY `id_punto_venta` (`id_punto_venta`),
  KEY `id_categoria` (`id_categoria`),
  CONSTRAINT `productos_ibfk_1` FOREIGN KEY (`id_punto_venta`) REFERENCES `puntos_venta` (`id_punto_venta`),
  CONSTRAINT `productos_ibfk_2` FOREIGN KEY (`id_categoria`) REFERENCES `categorias` (`id_categoria`)
) ENGINE=InnoDB AUTO_INCREMENT=144 DEFAULT CHARSET=utf8mb4 COLLATE=utf8mb4_general_ci;

-- Volcando datos para la tabla bg02.productos: ~115 rows (aproximadamente)
INSERT INTO `productos` (`id_producto`, `nombre`, `precio_venta`, `precio_lista`, `url_imagen`, `es_personalizable`, `id_punto_venta`, `id_categoria`, `estado`, `creado_en`, `actualizado_en`, `eliminado`) VALUES
	(4, 'Coca Cola 500ml', 2000.00, 2200.00, '../assets/Images/Kiosco/Bebidas/CocaCola_500ml.png', 0, 2, 1, 1, '2025-08-08 18:28:03', '2025-08-08 18:28:03', 0),
	(5, 'Sprite 500ml', 2000.00, 2200.00, '../assets/Images/Kiosco/Bebidas/Sprite_500ml.png', 0, 2, 1, 1, '2025-08-08 18:28:03', '2025-08-08 18:28:03', 0),
	(6, 'Fanta 500ml', 2000.00, 2200.00, '../assets/Images/Kiosco/Bebidas/Fanta_500ml.png', 0, 2, 1, 1, '2025-08-08 18:28:03', '2025-08-08 18:28:03', 0),
	(7, 'Coca Cola 237ml', 1000.00, 1100.00, '../assets/Images/Kiosco/Bebidas/CocaCola_237ml.png', 0, 2, 1, 1, '2025-08-08 18:28:03', '2025-08-08 18:28:03', 0),
	(8, 'Sprite 237ml', 1000.00, 1100.00, '../assets/Images/Kiosco/Bebidas/Sprite_237ml.png', 0, 2, 1, 1, '2025-08-08 18:28:03', '2025-08-08 18:28:03', 0),
	(9, 'Fanta 237ml', 1000.00, 1100.00, '../assets/Images/Kiosco/Bebidas/Fanta_237ml.png', 0, 2, 1, 1, '2025-08-08 18:28:03', '2025-08-08 18:28:03', 0),
	(10, 'Aquarius Manzana 500ml', 1800.00, 2000.00, '../assets/Images/Kiosco/Bebidas/Aquarius_Manzana_500ml.png', 0, 2, 1, 1, '2025-08-08 18:28:03', '2025-08-08 18:28:03', 0),
	(11, 'Aquarius Pera 500ml', 1800.00, 2000.00, '../assets/Images/Kiosco/Bebidas/Aquarius_Pera_500ml.png', 0, 2, 1, 1, '2025-08-08 18:28:03', '2025-08-08 18:28:03', 0),
	(12, 'Aquarius Pomelo 500ml', 1800.00, 2000.00, '../assets/Images/Kiosco/Bebidas/Aquarius_Pomelo_500ml.png', 0, 2, 1, 1, '2025-08-08 18:28:03', '2025-08-08 18:28:03', 0),
	(13, 'Powerade Azul', 2200.00, 2400.00, '../assets/Images/Kiosco/Bebidas/Powerade_Azul.png', 0, 2, 1, 1, '2025-08-08 18:28:03', '2025-08-08 18:28:03', 0),
	(14, 'Powerade Rojo', 2200.00, 2400.00, '../assets/Images/Kiosco/Bebidas/Powerade_Rojo.png', 0, 2, 1, 1, '2025-08-08 18:28:03', '2025-08-08 18:28:03', 0),
	(15, 'Powerade Manzana', 2200.00, 2400.00, '../assets/Images/Kiosco/Bebidas/Powerade_Manzana.png', 0, 2, 1, 1, '2025-08-08 18:28:03', '2025-08-08 18:28:03', 0),
	(16, 'Cepita Manzana 200ml', 800.00, 900.00, '../assets/Images/Kiosco/Bebidas/Cepita_Manzana_200ml.png', 0, 2, 1, 1, '2025-08-08 18:28:03', '2025-08-08 18:28:03', 0),
	(17, 'Cepita Multifruta 200ml', 800.00, 900.00, '../assets/Images/Kiosco/Bebidas/Cepita_Multifruta_200ml.png', 0, 2, 1, 1, '2025-08-08 18:28:03', '2025-08-08 18:28:03', 0),
	(18, 'Cepita Naranja 200ml', 800.00, 900.00, '../assets/Images/Kiosco/Bebidas/Cepita_Naranja_200ml.png', 0, 2, 1, 1, '2025-08-08 18:28:03', '2025-08-08 18:28:03', 0),
	(19, 'Baggio Multifruta 1L', 2200.00, 2400.00, '../assets/Images/Kiosco/Bebidas/Baggio_Multifruta_1L.png', 0, 2, 1, 1, '2025-08-08 18:28:03', '2025-08-08 18:28:03', 0),
	(20, 'Baggio Naranja 1L', 2200.00, 2400.00, '../assets/Images/Kiosco/Bebidas/Baggio_Naranja_1L.png', 0, 2, 1, 1, '2025-08-08 18:28:03', '2025-08-08 18:28:03', 0),
	(21, 'Agua Villavicencio 500ml', 1000.00, 1100.00, '../assets/Images/Kiosco/Bebidas/Agua_Villavicencio_500ml.png', 0, 2, 1, 1, '2025-08-08 18:28:03', '2025-08-08 18:28:03', 0),
	(22, 'Alfajor Guaymallen Simple Blanco', 400.00, 450.00, '../assets/Images/Kiosco/Alfajores/1.png', 0, 2, 4, 1, '2025-08-08 18:28:03', '2025-08-08 18:28:03', 0),
	(23, 'Alfajor Guaymallen Triple Blanco', 600.00, 650.00, '../assets/Images/Kiosco/Alfajores/2.png', 0, 2, 4, 1, '2025-08-08 18:28:03', '2025-08-08 18:28:03', 0),
	(24, 'Alfajor Guaymallen Simple Negro', 400.00, 450.00, '../assets/Images/Kiosco/Alfajores/3.png', 0, 2, 4, 1, '2025-08-08 18:28:03', '2025-08-08 18:28:03', 0),
	(25, 'Alfajor Guaymallen Triple Negro', 600.00, 650.00, '../assets/Images/Kiosco/Alfajores/4.png', 0, 2, 4, 1, '2025-08-08 18:28:03', '2025-08-08 18:28:03', 0),
	(26, 'Alfajor Jorgito Azucarado', 1000.00, 1100.00, '../assets/Images/Kiosco/Alfajores/5.png', 0, 2, 4, 1, '2025-08-08 18:28:03', '2025-08-08 18:28:03', 0),
	(27, 'Alfajor Jorgito Chocolate', 1000.00, 1100.00, '../assets/Images/Kiosco/Alfajores/6.png', 0, 2, 4, 1, '2025-08-08 18:28:03', '2025-08-08 18:28:03', 0),
	(28, 'Alfajor Jorgelin Triple Blanco', 1800.00, 2000.00, '../assets/Images/Kiosco/Alfajores/7.png', 0, 2, 4, 1, '2025-08-08 18:28:03', '2025-08-08 18:28:03', 0),
	(29, 'Alfajor Jorgelin Triple Negro', 1800.00, 2000.00, '../assets/Images/Kiosco/Alfajores/8.png', 0, 2, 4, 1, '2025-08-08 18:28:03', '2025-08-08 18:28:03', 0),
	(30, 'Alfajor Rasta Negro', 1800.00, 2000.00, '../assets/Images/Kiosco/Alfajores/9.png', 0, 2, 4, 1, '2025-08-08 18:28:03', '2025-08-08 18:28:03', 0),
	(31, 'Alfajor Rasta Blanco', 1800.00, 2000.00, '../assets/Images/Kiosco/Alfajores/10.png', 0, 2, 4, 1, '2025-08-08 18:28:03', '2025-08-08 18:28:03', 0),
	(32, 'Alfajor Bon o Bon Simple Negro', 1000.00, 1100.00, '../assets/Images/Kiosco/Alfajores/11.png', 0, 2, 4, 1, '2025-08-08 18:28:03', '2025-08-08 18:28:03', 0),
	(33, 'Alfajor Bon o Bon Simple Blanco', 1000.00, 1100.00, '../assets/Images/Kiosco/Alfajores/12.png', 0, 2, 4, 1, '2025-08-08 18:28:03', '2025-08-08 18:28:03', 0),
	(34, 'Alfajor Bon o Bon Triple Negro', 1800.00, 2000.00, '../assets/Images/Kiosco/Alfajores/13.png', 0, 2, 4, 1, '2025-08-08 18:28:03', '2025-08-08 18:28:03', 0),
	(35, 'Alfajor Chocotorta', 2000.00, 2200.00, '../assets/Images/Kiosco/Alfajores/14.png', 0, 2, 4, 1, '2025-08-08 18:28:03', '2025-08-08 18:28:03', 0),
	(36, 'Alfajor Tofi Simple Negro', 800.00, 900.00, '../assets/Images/Kiosco/Alfajores/15.png', 0, 2, 4, 1, '2025-08-08 18:28:03', '2025-08-08 18:28:03', 0),
	(37, 'Alfajor Tofi Triple Negro', 1200.00, 1300.00, '../assets/Images/Kiosco/Alfajores/16.png', 0, 2, 4, 1, '2025-08-08 18:28:03', '2025-08-08 18:28:03', 0),
	(38, 'Alfajor Tofi Triple Blanco', 800.00, 900.00, '../assets/Images/Kiosco/Alfajores/17.png', 0, 2, 4, 1, '2025-08-08 18:28:03', '2025-08-08 18:28:03', 0),
	(39, 'Alfajor Cofler Block', 1800.00, 2000.00, '../assets/Images/Kiosco/Alfajores/18.png', 0, 2, 4, 1, '2025-08-08 18:28:03', '2025-08-08 18:28:03', 0),
	(40, 'Alfajor Choco Creamy', 1800.00, 2000.00, '../assets/Images/Kiosco/Alfajores/19.png', 0, 2, 4, 1, '2025-08-08 18:28:03', '2025-08-08 18:28:03', 0),
	(41, 'Alfajor Aguila Minitorta Blanco', 1800.00, 2000.00, '../assets/Images/Kiosco/Alfajores/20.png', 0, 2, 4, 1, '2025-08-08 18:28:03', '2025-08-08 18:28:03', 0),
	(42, 'Alfajor Aguila Minitorta Coco', 1800.00, 2000.00, '../assets/Images/Kiosco/Alfajores/21.png', 0, 2, 4, 1, '2025-08-08 18:28:03', '2025-08-08 18:28:03', 0),
	(43, 'Alfajor Aguila Minitorta Clasico', 1800.00, 2000.00, '../assets/Images/Kiosco/Alfajores/22.png', 0, 2, 4, 1, '2025-08-08 18:28:03', '2025-08-08 18:28:03', 0),
	(44, 'Alfajor Ser', 400.00, 450.00, '../assets/Images/Kiosco/Alfajores/23.png', 0, 2, 4, 1, '2025-08-08 18:28:03', '2025-08-08 18:28:03', 0),
	(45, 'Alfajor Aguila Minitorta Brownie', 1800.00, 2000.00, '../assets/Images/Kiosco/Alfajores/24.png', 0, 2, 4, 1, '2025-08-08 18:28:03', '2025-08-08 18:28:03', 0),
	(46, 'Talitas Don Satur', 1500.00, 1600.00, '../assets/Images/Kiosco/Galletitas/1.png', 0, 2, 5, 1, '2025-08-08 18:28:03', '2025-08-08 18:28:03', 0),
	(47, 'Galletitas Agua Media Tarde', 800.00, 900.00, '../assets/Images/Kiosco/Galletitas/2.png', 0, 2, 5, 1, '2025-08-08 18:28:03', '2025-08-08 18:28:03', 0),
	(48, 'Galletitas Serranitas', 600.00, 700.00, '../assets/Images/Kiosco/Galletitas/3.png', 0, 2, 5, 1, '2025-08-08 18:28:03', '2025-08-08 18:28:03', 0),
	(49, 'Galletitas Macucas', 1200.00, 1300.00, '../assets/Images/Kiosco/Galletitas/4.png', 0, 2, 5, 1, '2025-08-08 18:28:03', '2025-08-08 18:28:03', 0),
	(50, 'Galletitas Mana Vainilla', 1300.00, 1400.00, '../assets/Images/Kiosco/Galletitas/5.png', 0, 2, 5, 1, '2025-08-08 18:28:03', '2025-08-08 18:28:03', 0),
	(51, 'Galletitas Mana Rellenas Choco/Vainilla', 1600.00, 1700.00, '../assets/Images/Kiosco/Galletitas/6.png', 0, 2, 5, 1, '2025-08-08 18:28:03', '2025-08-08 18:28:03', 0),
	(52, 'Galletitas Mana Rellenas Limon', 1600.00, 1700.00, '../assets/Images/Kiosco/Galletitas/7.png', 0, 2, 5, 1, '2025-08-08 18:28:03', '2025-08-08 18:28:03', 0),
	(53, 'Galletitas Rumba', 1800.00, 2000.00, '../assets/Images/Kiosco/Galletitas/8.png', 0, 2, 5, 1, '2025-08-08 18:28:03', '2025-08-08 18:28:03', 0),
	(54, 'Galletitas Amor', 1800.00, 2000.00, '../assets/Images/Kiosco/Galletitas/9.png', 0, 2, 5, 1, '2025-08-08 18:28:03', '2025-08-08 18:28:03', 0),
	(55, 'Galletitas Merengadas', 1800.00, 2000.00, '../assets/Images/Kiosco/Galletitas/10.png', 0, 2, 5, 1, '2025-08-08 18:28:03', '2025-08-08 18:28:03', 0),
	(56, 'Galletitas Sonrisas Frambuesa', 1800.00, 2000.00, '../assets/Images/Kiosco/Galletitas/11.png', 0, 2, 5, 1, '2025-08-08 18:28:03', '2025-08-08 18:28:03', 0),
	(57, 'Galletitas Mellizas', 1000.00, 1100.00, '../assets/Images/Kiosco/Galletitas/12.png', 0, 2, 5, 1, '2025-08-08 18:28:03', '2025-08-08 18:28:03', 0),
	(58, 'Galletitas Chocolinas', 1000.00, 1100.00, '../assets/Images/Kiosco/Galletitas/13.png', 0, 2, 5, 1, '2025-08-08 18:28:03', '2025-08-08 18:28:03', 0),
	(59, 'Galletitas Opera', 1000.00, 1100.00, '../assets/Images/Kiosco/Galletitas/14.png', 0, 2, 5, 1, '2025-08-08 18:28:03', '2025-08-08 18:28:03', 0),
	(60, 'Galletitas Rex', 1400.00, 1500.00, '../assets/Images/Kiosco/Galletitas/15.png', 0, 2, 5, 1, '2025-08-08 18:28:03', '2025-08-08 18:28:03', 0),
	(61, 'Galletitas Kesitas', 1400.00, 1500.00, '../assets/Images/Kiosco/Galletitas/16.png', 0, 2, 5, 1, '2025-08-08 18:28:03', '2025-08-08 18:28:03', 0),
	(62, 'Galletitas Rex Tubo', 1000.00, 1100.00, '../assets/Images/Kiosco/Galletitas/17.png', 0, 2, 5, 1, '2025-08-08 18:28:03', '2025-08-08 18:28:03', 0),
	(63, 'Galletitas Cereal Mix Frutilla y Chia', 2000.00, 2200.00, '../assets/Images/Kiosco/Galletitas/18.png', 0, 2, 5, 1, '2025-08-08 18:28:03', '2025-08-08 18:28:03', 0),
	(64, 'Galletitas Cereal Mix Semilla y Chips', 2000.00, 2200.00, '../assets/Images/Kiosco/Galletitas/19.png', 0, 2, 5, 1, '2025-08-08 18:28:03', '2025-08-08 18:28:03', 0),
	(65, 'Galletitas Cereal Mix Avena y Pasas', 2000.00, 2200.00, '../assets/Images/Kiosco/Galletitas/20.png', 0, 2, 5, 1, '2025-08-08 18:28:03', '2025-08-08 18:28:03', 0),
	(66, 'Galletitas Formis Vainilla/Choco', 1000.00, 1100.00, '../assets/Images/Kiosco/Galletitas/21.png', 0, 2, 5, 1, '2025-08-08 18:28:03', '2025-08-08 18:28:03', 0),
	(67, 'Galletitas Formis Vainilla/Fruti', 1000.00, 1100.00, '../assets/Images/Kiosco/Galletitas/22.png', 0, 2, 5, 1, '2025-08-08 18:28:03', '2025-08-08 18:28:03', 0),
	(68, 'Galletitas Formis Choco/Dulce de Leche', 1000.00, 1100.00, '../assets/Images/Kiosco/Galletitas/23.png', 0, 2, 5, 1, '2025-08-08 18:28:03', '2025-08-08 18:28:03', 0),
	(71, 'Helado Mogul Extreme', 1500.00, 1600.00, '../assets/Images/Kiosco/Helados/1.png', 0, 2, 6, 1, '2025-08-08 18:28:03', '2025-08-08 18:28:03', 0),
	(72, 'Helado Mogul Tubito', 1500.00, 1600.00, '../assets/Images/Kiosco/Helados/2.png', 0, 2, 6, 1, '2025-08-08 18:28:03', '2025-08-08 18:28:03', 0),
	(73, 'Helado Mogul Limon Blueberry', 1500.00, 1600.00, '../assets/Images/Kiosco/Helados/3.png', 0, 2, 6, 1, '2025-08-08 18:28:03', '2025-08-08 18:28:03', 0),
	(74, 'Helado Mogul Dientes', 1500.00, 1600.00, '../assets/Images/Kiosco/Helados/4.png', 0, 2, 6, 1, '2025-08-08 18:28:03', '2025-08-08 18:28:03', 0),
	(75, 'Helado Mogul Surtido Frutilla/Naranja', 1500.00, 1600.00, '../assets/Images/Kiosco/Helados/5.png', 0, 2, 6, 1, '2025-08-08 18:28:03', '2025-08-08 18:28:03', 0),
	(76, 'Pancho', 1800.00, 2000.00, '../assets/Images/Kiosco/Comidas/Pancho.png', 1, 2, 3, 1, '2025-08-08 18:28:03', '2025-09-15 20:32:45', 0),
	(77, 'Panini JyQ', 3000.00, 3300.00, '../assets/Images/Kiosco/Comidas/Panini_JyQ.png', 1, 2, 3, 1, '2025-08-08 18:28:03', '2025-08-26 19:37:02', 0),
	(78, 'Helado Mogul Extreme', 1500.00, 1600.00, '../assets/Images/Kiosco/Helados/1.png', 0, 2, 6, 1, '2025-08-08 18:28:03', '2025-08-08 18:28:03', 0),
	(79, 'Helado Mogul Tubito', 1500.00, 1600.00, '../assets/Images/Kiosco/Helados/2.png', 0, 2, 6, 1, '2025-08-08 18:28:03', '2025-08-08 18:28:03', 0),
	(80, 'Helado Mogul Limon Blueberry', 1500.00, 1600.00, '../assets/Images/Kiosco/Helados/3.png', 0, 2, 6, 1, '2025-08-08 18:28:03', '2025-08-08 18:28:03', 0),
	(81, 'Helado Mogul Dientes', 1500.00, 1600.00, '../assets/Images/Kiosco/Helados/4.png', 0, 2, 6, 1, '2025-08-08 18:28:03', '2025-08-08 18:28:03', 0),
	(82, 'Helado Mogul Surtido Frutilla/Naranja', 1500.00, 1600.00, '../assets/Images/Kiosco/Helados/5.png', 0, 2, 6, 1, '2025-08-08 18:28:03', '2025-08-08 18:28:03', 0),
	(83, 'Mogul Tiburones', 800.00, 900.00, '../assets/Images/Kiosco/Golosinas/1.png', 0, 2, 7, 1, '2025-08-08 18:28:03', '2025-08-08 18:28:03', 0),
	(84, 'Mogul Viboritas', 800.00, 900.00, '../assets/Images/Kiosco/Golosinas/2.png', 0, 2, 7, 1, '2025-08-08 18:28:03', '2025-08-08 18:28:03', 0),
	(85, 'Mogul Extreme Rocks', 1200.00, 1300.00, '../assets/Images/Kiosco/Golosinas/3.png', 0, 2, 7, 1, '2025-08-08 18:28:03', '2025-08-08 18:28:03', 0),
	(86, 'Mogul Tubitos Tutti Frutti', 800.00, 900.00, '../assets/Images/Kiosco/Golosinas/4.png', 0, 2, 7, 1, '2025-08-08 18:28:03', '2025-08-08 18:28:03', 0),
	(87, 'Rockleton', 800.00, 900.00, '../assets/Images/Kiosco/Golosinas/5.png', 0, 2, 7, 1, '2025-08-08 18:28:03', '2025-08-08 18:28:03', 0),
	(88, 'Mogul Bananitas', 800.00, 900.00, '../assets/Images/Kiosco/Golosinas/6.png', 0, 2, 7, 1, '2025-08-08 18:28:03', '2025-08-08 18:28:03', 0),
	(89, 'bARRA ROCLE', 500.00, 1600.00, '../assets/Images/Kiosco/Golosinas/7.png', 0, 2, 7, 1, '2025-08-08 18:28:03', '2025-08-08 19:25:47', 0),
	(90, 'Bon o Bon Clasico', 500.00, 600.00, '../assets/Images/Kiosco/Golosinas/8.png', 0, 2, 7, 1, '2025-08-08 18:28:03', '2025-08-08 18:28:03', 0),
	(91, 'Mogul Rollo Acido Extreme', 600.00, 700.00, '../assets/Images/Kiosco/Golosinas/9.png', 0, 2, 7, 1, '2025-08-08 18:28:03', '2025-08-08 18:28:03', 0),
	(92, 'Mogul Piecitos', 800.00, 900.00, '../assets/Images/Kiosco/Golosinas/10.png', 0, 2, 7, 1, '2025-08-08 18:28:03', '2025-08-08 18:28:03', 0),
	(93, 'Oblitas', 100.00, 150.00, '../assets/Images/Kiosco/Golosinas/11.png', 0, 2, 7, 1, '2025-08-08 18:28:03', '2025-08-08 18:28:03', 0),
	(94, 'Bombon Tofi Leche', 1500.00, 1600.00, '../assets/Images/Kiosco/Golosinas/12.png', 0, 2, 7, 1, '2025-08-08 18:28:03', '2025-08-08 18:28:03', 0),
	(95, 'Mogul Rollo', 800.00, 900.00, '../assets/Images/Kiosco/Golosinas/13.png', 0, 2, 7, 1, '2025-08-08 18:28:03', '2025-08-08 18:28:03', 0),
	(96, 'Mogul Dinos', 800.00, 900.00, '../assets/Images/Kiosco/Golosinas/14.png', 0, 2, 7, 1, '2025-08-08 18:28:03', '2025-08-08 18:28:03', 0),
	(97, 'Mogul Jelly Beans', 1200.00, 1300.00, '../assets/Images/Kiosco/Golosinas/15.png', 0, 2, 7, 1, '2025-08-08 18:28:03', '2025-08-08 18:28:03', 0),
	(98, 'Bon o Bon Clasico Blanco', 500.00, 600.00, '../assets/Images/Kiosco/Golosinas/16.png', 0, 2, 7, 1, '2025-08-08 18:28:03', '2025-08-08 18:28:03', 0),
	(99, 'Krachitos Ketchup', 1600.00, 1700.00, '../assets/Images/Kiosco/Snacks/1.png', 0, 2, 2, 1, '2025-08-08 18:28:03', '2025-08-08 18:28:03', 0),
	(100, 'Krachitos Clasico', 1600.00, 1700.00, '../assets/Images/Kiosco/Snacks/2.png', 0, 2, 2, 1, '2025-08-08 18:28:03', '2025-08-08 18:28:03', 0),
	(101, 'Palitos PEP Pizza 40g', 2000.00, 2200.00, '../assets/Images/Kiosco/Snacks/3.png', 0, 2, 2, 1, '2025-08-08 18:28:03', '2025-08-08 18:28:03', 0),
	(102, 'Palitos PEP Panceta 40g', 2000.00, 2200.00, '../assets/Images/Kiosco/Snacks/4.png', 0, 2, 2, 1, '2025-08-08 18:28:03', '2025-08-08 18:28:03', 0),
	(103, 'Chetos 23g', 1500.00, 1600.00, '../assets/Images/Kiosco/Snacks/5.png', 0, 2, 2, 1, '2025-08-08 18:28:03', '2025-08-08 18:28:03', 0),
	(104, 'Lays Clasicas 20g', 1500.00, 1600.00, '../assets/Images/Kiosco/Snacks/6.png', 0, 2, 2, 1, '2025-08-08 18:28:03', '2025-08-08 18:28:03', 0),
	(105, 'Twistos Queso Chico', 2000.00, 2200.00, '../assets/Images/Kiosco/Snacks/7.png', 0, 2, 2, 1, '2025-08-08 18:28:03', '2025-08-08 18:28:03', 0),
	(106, 'Doritos Queso', 2000.00, 2200.00, '../assets/Images/Kiosco/Snacks/8.png', 0, 2, 2, 1, '2025-08-08 18:28:03', '2025-08-08 18:28:03', 0),
	(107, 'Twistos Jamon Chico', 2000.00, 2200.00, '../assets/Images/Kiosco/Snacks/9.png', 0, 2, 2, 1, '2025-08-08 18:28:03', '2025-08-08 18:28:03', 0),
	(108, 'Rueditas Pizza Mediana', 2000.00, 2200.00, '../assets/Images/Kiosco/Snacks/10.png', 0, 2, 2, 1, '2025-08-08 18:28:03', '2025-08-08 18:28:03', 0),
	(109, 'Lays Clasicas', 2000.00, 2200.00, '../assets/Images/Kiosco/Snacks/11.png', 0, 2, 2, 1, '2025-08-08 18:28:03', '2025-08-08 18:28:03', 0),
	(110, 'PEP Mediana', 2000.00, 2200.00, '../assets/Images/Kiosco/Snacks/12.png', 0, 2, 2, 1, '2025-08-08 18:28:03', '2025-08-08 18:28:03', 0),
	(111, 'Medialuna', 1000.00, 1100.00, '../assets/Images/Kiosco/Cafeteria/1.png', 1, 2, 8, 1, '2025-08-08 18:28:03', '2025-08-26 19:36:11', 0),
	(112, 'Cafe', 1000.00, 1100.00, '../assets/Images/Kiosco/Cafeteria/2.png', 0, 2, 8, 1, '2025-08-08 18:28:03', '2025-09-15 20:31:55', 0),
	(113, 'Promo Especiales', 3000.00, 2500.00, '../assets/Images/Kiosco/Promos/1.png', 1, 2, 9, 1, '2025-08-08 18:28:03', '2025-09-15 18:46:05', 0),
	(123, 'Test', 100.00, 200.00, '/Totem_Murialdo/frontend/assets/images/Kiosco/Alfajores/test_2.png', 1, 2, 4, 1, '2025-09-12 19:20:19', '2025-09-17 20:57:22', 0),
	(126, 'Test', 200.00, 100.00, '/Totem_Murialdo/frontend/assets/images/Kiosco/Bebidas/test.png', 1, 2, 1, 1, '2025-09-12 19:27:23', '2025-09-17 20:57:16', 0);

-- Volcando estructura para tabla bg02.producto_proveedor
CREATE TABLE IF NOT EXISTS `producto_proveedor` (
  `id_producto_proveedor` int(11) NOT NULL AUTO_INCREMENT,
  `id_producto` smallint(6) NOT NULL,
  `id_proveedor` smallint(6) NOT NULL,
  `es_principal` tinyint(1) NOT NULL DEFAULT 0,
  `creado_en` datetime NOT NULL DEFAULT current_timestamp(),
  PRIMARY KEY (`id_producto_proveedor`),
  UNIQUE KEY `unique_producto_proveedor` (`id_producto`,`id_proveedor`),
  KEY `id_producto` (`id_producto`),
  KEY `id_proveedor` (`id_proveedor`)
) ENGINE=InnoDB AUTO_INCREMENT=172 DEFAULT CHARSET=utf8mb4 COLLATE=utf8mb4_general_ci;

-- Volcando datos para la tabla bg02.producto_proveedor: ~45 rows (aproximadamente)
INSERT INTO `producto_proveedor` (`id_producto_proveedor`, `id_producto`, `id_proveedor`, `es_principal`, `creado_en`) VALUES
	(17, 4, 2, 0, '2025-09-19 20:43:14'),
	(18, 5, 2, 0, '2025-09-19 20:43:14'),
	(19, 6, 2, 0, '2025-09-19 20:43:14'),
	(20, 7, 2, 0, '2025-09-19 20:43:14'),
	(21, 8, 2, 0, '2025-09-19 20:43:14'),
	(22, 9, 2, 0, '2025-09-19 20:43:14'),
	(23, 10, 2, 0, '2025-09-19 20:43:14'),
	(24, 11, 2, 0, '2025-09-19 20:43:14'),
	(25, 12, 2, 0, '2025-09-19 20:43:14'),
	(26, 13, 2, 0, '2025-09-19 20:43:14'),
	(27, 14, 2, 0, '2025-09-19 20:43:14'),
	(28, 15, 2, 0, '2025-09-19 20:43:14'),
	(29, 16, 2, 0, '2025-09-19 20:43:14'),
	(30, 17, 2, 0, '2025-09-19 20:43:14'),
	(31, 18, 2, 0, '2025-09-19 20:43:14'),
	(32, 19, 2, 0, '2025-09-19 20:43:14'),
	(33, 20, 2, 0, '2025-09-19 20:43:14'),
	(34, 21, 2, 0, '2025-09-19 20:43:14'),
	(145, 13, 17, 0, '2025-09-22 19:10:12'),
	(146, 14, 17, 0, '2025-09-22 19:10:12'),
	(147, 15, 17, 0, '2025-09-22 19:10:12'),
	(148, 22, 17, 0, '2025-09-22 19:10:12'),
	(149, 23, 17, 0, '2025-09-22 19:10:12'),
	(150, 24, 17, 0, '2025-09-22 19:10:12'),
	(151, 25, 17, 0, '2025-09-22 19:10:12'),
	(152, 26, 17, 0, '2025-09-22 19:10:12'),
	(153, 27, 17, 0, '2025-09-22 19:10:12'),
	(154, 28, 17, 0, '2025-09-22 19:10:12'),
	(155, 29, 17, 0, '2025-09-22 19:10:12'),
	(156, 30, 17, 0, '2025-09-22 19:10:12'),
	(157, 31, 17, 0, '2025-09-22 19:10:12'),
	(158, 32, 17, 0, '2025-09-22 19:10:12'),
	(159, 33, 17, 0, '2025-09-22 19:10:12'),
	(160, 34, 17, 0, '2025-09-22 19:10:12'),
	(161, 35, 17, 0, '2025-09-22 19:10:12'),
	(162, 36, 17, 0, '2025-09-22 19:10:12'),
	(163, 37, 17, 0, '2025-09-22 19:10:12'),
	(164, 38, 17, 0, '2025-09-22 19:10:12'),
	(165, 39, 17, 0, '2025-09-22 19:10:12'),
	(166, 40, 17, 0, '2025-09-22 19:10:12'),
	(167, 41, 17, 0, '2025-09-22 19:10:12'),
	(168, 42, 17, 0, '2025-09-22 19:10:12'),
	(169, 43, 17, 0, '2025-09-22 19:10:12'),
	(170, 44, 17, 0, '2025-09-22 19:10:12'),
	(171, 45, 17, 0, '2025-09-22 19:10:12');

-- Volcando estructura para tabla bg02.proveedores
CREATE TABLE IF NOT EXISTS `proveedores` (
  `id_proveedor` smallint(6) NOT NULL AUTO_INCREMENT,
  `nombre_empresa` varchar(100) NOT NULL,
  `persona_contacto` varchar(100) DEFAULT NULL,
  `cuit` varchar(13) DEFAULT NULL,
  `telefono` varchar(20) DEFAULT NULL,
  `email` varchar(100) DEFAULT NULL,
  `direccion` text DEFAULT NULL,
  `notas` text DEFAULT NULL,
  `estado` tinyint(1) NOT NULL DEFAULT 1,
  `creado_en` datetime NOT NULL DEFAULT current_timestamp(),
  `actualizado_en` datetime NOT NULL DEFAULT current_timestamp() ON UPDATE current_timestamp(),
  PRIMARY KEY (`id_proveedor`),
  KEY `estado` (`estado`)
) ENGINE=InnoDB AUTO_INCREMENT=37 DEFAULT CHARSET=utf8mb4 COLLATE=utf8mb4_general_ci;

-- Volcando datos para la tabla bg02.proveedores: ~12 rows (aproximadamente)
INSERT INTO `proveedores` (`id_proveedor`, `nombre_empresa`, `persona_contacto`, `cuit`, `telefono`, `email`, `direccion`, `notas`, `estado`, `creado_en`, `actualizado_en`) VALUES
	(2, 'Empresa X', 'Contacto X', '', '1128791050', 'contactorustcorp@gmail.com', 'Dirección Ficticia 123 ', '', 1, '2025-09-01 16:19:07', '2025-09-15 20:41:26'),
	(17, '123', '123', '', '1112341234', 'prueba12@gmail.com', '', '', 1, '2025-09-19 21:33:26', '2025-09-23 20:38:46'),
	(23, 'Proveedor Test Actualizado', 'Juan Perez Modificado', '', '9876543210', 'test_modificado@example.com', 'Nueva Calle 456', 'Proveedor de prueba modificado', 0, '2025-09-22 20:53:35', '2025-09-23 18:41:15'),
	(27, '123321231231', '231123123123', '', '123321123123', '1232123123@gmail.com', '', '', 1, '2025-09-23 20:39:18', '2025-09-23 20:39:18'),
	(28, '12311', '', '', '', '', '', '', 1, '2025-09-23 20:41:55', '2025-09-23 20:41:55'),
	(29, '123', 'Juan Perez ', '', '', 'prueba331@gmail.com', '', '', 1, '2025-09-23 20:47:29', '2025-09-23 20:47:29'),
	(30, '1', '', '', '', '', '', '', 1, '2025-09-23 21:09:00', '2025-09-23 21:09:00'),
	(32, '13333', '', '', '', '', '', '', 1, '2025-09-23 21:29:18', '2025-09-23 21:29:18'),
	(33, '1', '', '', '', '', '', '', 1, '2025-09-23 21:35:52', '2025-09-23 21:35:52'),
	(34, '1', '', '', '', '', '', '', 1, '2025-09-24 18:21:56', '2025-09-24 18:21:56'),
	(35, 'RUST', 'MATEO', '', '1128395312', 'contactorustcorp@gmail.com', '', '', 1, '2025-09-24 18:22:50', '2025-09-24 18:22:50'),
	(36, '122222', '', '', '', '', '', '', 1, '2025-09-24 18:29:34', '2025-09-24 18:29:34');

-- Volcando estructura para tabla bg02.puntos_venta
CREATE TABLE IF NOT EXISTS `puntos_venta` (
  `id_punto_venta` tinyint(4) NOT NULL AUTO_INCREMENT,
  `nombre` varchar(20) NOT NULL,
  PRIMARY KEY (`id_punto_venta`)
) ENGINE=InnoDB AUTO_INCREMENT=3 DEFAULT CHARSET=utf8mb4 COLLATE=utf8mb4_general_ci;

-- Volcando datos para la tabla bg02.puntos_venta: ~2 rows (aproximadamente)
INSERT INTO `puntos_venta` (`id_punto_venta`, `nombre`) VALUES
	(1, 'Buffet'),
	(2, 'Kiosco');

-- Volcando estructura para tabla bg02.roles
CREATE TABLE IF NOT EXISTS `roles` (
  `id_rol` tinyint(4) NOT NULL AUTO_INCREMENT,
  `nombre` varchar(20) NOT NULL,
  PRIMARY KEY (`id_rol`)
) ENGINE=InnoDB AUTO_INCREMENT=4 DEFAULT CHARSET=utf8mb4 COLLATE=utf8mb4_general_ci;

-- Volcando datos para la tabla bg02.roles: ~3 rows (aproximadamente)
INSERT INTO `roles` (`id_rol`, `nombre`) VALUES
	(1, 'Administrador'),
	(2, 'Supervisor'),
	(3, 'Empleado');

-- Volcando estructura para tabla bg02.webhook_connectivity_test
CREATE TABLE IF NOT EXISTS `webhook_connectivity_test` (
  `id` int(11) NOT NULL AUTO_INCREMENT,
  `timestamp` datetime DEFAULT NULL,
  `method` varchar(10) DEFAULT NULL,
  `query_string` text DEFAULT NULL,
  `body` text DEFAULT NULL,
  `ip` varchar(50) DEFAULT NULL,
  `headers_json` text DEFAULT NULL,
  PRIMARY KEY (`id`)
) ENGINE=InnoDB AUTO_INCREMENT=2 DEFAULT CHARSET=latin1 COLLATE=latin1_swedish_ci;

-- Volcando datos para la tabla bg02.webhook_connectivity_test: ~0 rows (aproximadamente)
INSERT INTO `webhook_connectivity_test` (`id`, `timestamp`, `method`, `query_string`, `body`, `ip`, `headers_json`) VALUES
	(1, '2025-09-17 20:23:03', 'POST', '', '{"test":"external_connectivity","source":"manual_test"}', '172.16.193.181', '{"Content-Type":"application\\/json","Content-Length":"55","User-Agent":"Mozilla\\/5.0 (Windows NT; Windows NT 10.0; es-AR) WindowsPowerShell\\/5.1.26100.2161","Host":"ilm2025.webhop.net","Connection":"Keep-Alive"}');

-- Volcando estructura para tabla bg02.webhook_logs
CREATE TABLE IF NOT EXISTS `webhook_logs` (
  `id` int(11) NOT NULL AUTO_INCREMENT,
  `timestamp` datetime NOT NULL,
  `type` varchar(20) NOT NULL,
  `message` text NOT NULL,
  `source` varchar(50) NOT NULL,
  PRIMARY KEY (`id`),
  KEY `idx_timestamp` (`timestamp`),
  KEY `idx_source` (`source`)
) ENGINE=InnoDB AUTO_INCREMENT=106 DEFAULT CHARSET=latin1 COLLATE=latin1_swedish_ci;

-- Volcando datos para la tabla bg02.webhook_logs: ~94 rows (aproximadamente)
INSERT INTO `webhook_logs` (`id`, `timestamp`, `type`, `message`, `source`) VALUES
	(1, '2025-09-17 19:38:29', 'TEST', 'Configuración de webhook logs completada', 'setup'),
	(2, '2025-09-17 19:38:39', 'INFO', '=== WEBHOOK CHECKOUTPRO INICIADO ===', 'checkoutpro'),
	(3, '2025-09-17 19:38:39', 'INFO', 'Body recibido: {"type":"payment","data":{"id":"test_123_checkoutpro"}}', 'checkoutpro'),
	(4, '2025-09-17 19:38:39', 'INFO', 'JSON decodificado: {"type":"payment","data":{"id":"test_123_checkoutpro"}}', 'checkoutpro'),
	(5, '2025-09-17 19:38:39', 'INFO', 'Tipo: payment, ID: test_123_checkoutpro', 'checkoutpro'),
	(6, '2025-09-17 19:38:40', 'INFO', 'API HTTP Code: 404', 'checkoutpro'),
	(7, '2025-09-17 19:38:40', 'ERROR', 'ERROR: API HTTP 404 - Response: {"error": "resource not found", "message":"Si quieres conocer los recursos de la API que se encuentran disponibles visita el Sitio de Desarrolladores de MercadoLibre (https://developers.mercadopago.co', 'checkoutpro'),
	(8, '2025-09-17 19:43:32', 'INFO', '=== WEBHOOK CHECKOUTPRO INICIADO ===', 'checkoutpro'),
	(9, '2025-09-17 19:43:32', 'INFO', 'Body recibido: {"type":"payment","data":{"id":"test_merchant_123"}}', 'checkoutpro'),
	(10, '2025-09-17 19:43:32', 'INFO', 'JSON decodificado: {"type":"payment","data":{"id":"test_merchant_123"}}', 'checkoutpro'),
	(11, '2025-09-17 19:43:32', 'INFO', 'Tipo: payment, ID: test_merchant_123', 'checkoutpro'),
	(12, '2025-09-17 19:43:32', 'INFO', 'Intentando merchant_orders: https://api.mercadopago.com/merchant_orders/test_merchant_123', 'checkoutpro'),
	(13, '2025-09-17 19:43:33', 'INFO', 'Merchant Orders API HTTP Code: 400', 'checkoutpro'),
	(14, '2025-09-17 19:43:33', 'INFO', 'Merchant Order falló, intentando payments API: https://api.mercadopago.com/v1/payments/test_merchant_123', 'checkoutpro'),
	(15, '2025-09-17 19:43:34', 'INFO', 'Payments API HTTP Code: 404', 'checkoutpro'),
	(16, '2025-09-17 19:43:34', 'ERROR', 'ERROR: Ambas APIs fallaron - HTTP 404 - Response: {"error": "resource not found", "message":"Si quieres conocer los recursos de la API que se encuentran disponibles visita el Sitio de Desarrolladores de MercadoLibre (https://developers.mercadopago.co', 'checkoutpro'),
	(17, '2025-09-17 19:44:32', 'INFO', '=== WEBHOOK CHECKOUTPRO INICIADO ===', 'checkoutpro'),
	(18, '2025-09-17 19:44:32', 'INFO', 'Body recibido: {"resource":"https://api.mercadolibre.com/merchant_orders/34081853920","topic":"merchant_order"}', 'checkoutpro'),
	(19, '2025-09-17 19:44:32', 'INFO', 'JSON decodificado: {"resource":"https:\\/\\/api.mercadolibre.com\\/merchant_orders\\/34081853920","topic":"merchant_order"}', 'checkoutpro'),
	(20, '2025-09-17 19:44:32', 'ERROR', 'ERROR: ID vacío', 'checkoutpro'),
	(21, '2025-09-17 19:44:48', 'INFO', '=== WEBHOOK CHECKOUTPRO INICIADO ===', 'checkoutpro'),
	(22, '2025-09-17 19:44:48', 'INFO', 'Body recibido: {"action":"payment.created","api_version":"v1","data":{"id":"126026327469"},"date_created":"2025-09-17T22:42:53Z","id":124798795334,"live_mode":true,"type":"payment","user_id":"2477837851"}', 'checkoutpro'),
	(23, '2025-09-17 19:44:48', 'INFO', 'JSON decodificado: {"action":"payment.created","api_version":"v1","data":{"id":"126026327469"},"date_created":"2025-09-17T22:42:53Z","id":124798795334,"live_mode":true,"type":"payment","user_id":"2477837851"}', 'checkoutpro'),
	(24, '2025-09-17 19:44:48', 'INFO', 'Tipo: payment, ID: 126026327469', 'checkoutpro'),
	(25, '2025-09-17 19:44:48', 'INFO', 'Intentando merchant_orders: https://api.mercadopago.com/merchant_orders/126026327469', 'checkoutpro'),
	(26, '2025-09-17 19:44:48', 'INFO', '=== WEBHOOK CHECKOUTPRO INICIADO ===', 'checkoutpro'),
	(27, '2025-09-17 19:44:48', 'INFO', 'Body recibido: {"resource":"126026327469","topic":"payment"}', 'checkoutpro'),
	(28, '2025-09-17 19:44:48', 'INFO', 'JSON decodificado: {"resource":"126026327469","topic":"payment"}', 'checkoutpro'),
	(29, '2025-09-17 19:44:48', 'ERROR', 'ERROR: ID vacío', 'checkoutpro'),
	(30, '2025-09-17 19:44:49', 'INFO', '=== WEBHOOK CHECKOUTPRO INICIADO ===', 'checkoutpro'),
	(31, '2025-09-17 19:44:49', 'INFO', 'Body recibido: {"resource":"https://api.mercadolibre.com/merchant_orders/34081853920","topic":"merchant_order"}', 'checkoutpro'),
	(32, '2025-09-17 19:44:49', 'INFO', 'JSON decodificado: {"resource":"https:\\/\\/api.mercadolibre.com\\/merchant_orders\\/34081853920","topic":"merchant_order"}', 'checkoutpro'),
	(33, '2025-09-17 19:44:49', 'ERROR', 'ERROR: ID vacío', 'checkoutpro'),
	(34, '2025-09-17 19:44:49', 'INFO', 'Merchant Orders API HTTP Code: 404', 'checkoutpro'),
	(35, '2025-09-17 19:44:49', 'INFO', 'Merchant Order falló, intentando payments API: https://api.mercadopago.com/v1/payments/126026327469', 'checkoutpro'),
	(36, '2025-09-17 19:44:50', 'INFO', 'Payments API HTTP Code: 200', 'checkoutpro'),
	(37, '2025-09-17 19:44:50', 'INFO', 'Datos obtenidos - Status: approved, External ref: CP_1758148952759_s5mn9pj16, Payment ID: 126026327469', 'checkoutpro'),
	(38, '2025-09-17 19:44:50', 'INFO', 'Pago aprobado - External reference: CP_1758148952759_s5mn9pj16', 'checkoutpro'),
	(39, '2025-09-17 19:44:50', 'ERROR', 'ERROR BD: SQLSTATE[42S22]: Column not found: 1054 Unknown column \'external_reference\' in \'WHERE\'', 'checkoutpro'),
	(40, '2025-09-17 19:44:50', 'INFO', '=== WEBHOOK CHECKOUTPRO FINALIZADO ===', 'checkoutpro'),
	(41, '2025-09-17 20:19:07', 'INFO', '=== WEBHOOK CHECKOUTPRO INICIADO ===', 'checkoutpro'),
	(42, '2025-09-17 20:19:07', 'INFO', 'Body recibido: {"resource":"126026327469","topic":"payment"}', 'checkoutpro'),
	(43, '2025-09-17 20:19:07', 'INFO', 'JSON decodificado: {"resource":"126026327469","topic":"payment"}', 'checkoutpro'),
	(44, '2025-09-17 20:19:07', 'ERROR', 'ERROR: ID vacío', 'checkoutpro'),
	(45, '2025-09-17 20:19:07', 'INFO', '=== WEBHOOK CHECKOUTPRO INICIADO ===', 'checkoutpro'),
	(46, '2025-09-17 20:19:07', 'INFO', 'Body recibido: {"action":"payment.updated","api_version":"v1","data":{"id":"126026327469"},"date_created":"2025-09-17T22:42:53Z","id":124796599206,"live_mode":true,"type":"payment","user_id":"2477837851"}', 'checkoutpro'),
	(47, '2025-09-17 20:19:07', 'INFO', 'JSON decodificado: {"action":"payment.updated","api_version":"v1","data":{"id":"126026327469"},"date_created":"2025-09-17T22:42:53Z","id":124796599206,"live_mode":true,"type":"payment","user_id":"2477837851"}', 'checkoutpro'),
	(48, '2025-09-17 20:19:07', 'INFO', 'Tipo: payment, ID: 126026327469', 'checkoutpro'),
	(49, '2025-09-17 20:19:07', 'INFO', 'Intentando merchant_orders: https://api.mercadopago.com/merchant_orders/126026327469', 'checkoutpro'),
	(50, '2025-09-17 20:19:08', 'INFO', 'Merchant Orders API HTTP Code: 404', 'checkoutpro'),
	(51, '2025-09-17 20:19:08', 'INFO', 'Merchant Order falló, intentando payments API: https://api.mercadopago.com/v1/payments/126026327469', 'checkoutpro'),
	(52, '2025-09-17 20:19:08', 'INFO', '=== WEBHOOK CHECKOUTPRO INICIADO ===', 'checkoutpro'),
	(53, '2025-09-17 20:19:08', 'INFO', 'Body recibido: {"resource":"https://api.mercadolibre.com/merchant_orders/34081853920","topic":"merchant_order"}', 'checkoutpro'),
	(54, '2025-09-17 20:19:08', 'INFO', 'JSON decodificado: {"resource":"https:\\/\\/api.mercadolibre.com\\/merchant_orders\\/34081853920","topic":"merchant_order"}', 'checkoutpro'),
	(55, '2025-09-17 20:19:08', 'ERROR', 'ERROR: ID vacío', 'checkoutpro'),
	(56, '2025-09-17 20:19:09', 'INFO', 'Payments API HTTP Code: 200', 'checkoutpro'),
	(57, '2025-09-17 20:19:09', 'INFO', 'Datos obtenidos - Status: refunded, External ref: CP_1758148952759_s5mn9pj16, Payment ID: 126026327469', 'checkoutpro'),
	(58, '2025-09-17 20:19:09', 'INFO', 'Pago no aprobado - Status: refunded', 'checkoutpro'),
	(59, '2025-09-17 20:19:11', 'INFO', '=== WEBHOOK CHECKOUTPRO INICIADO ===', 'checkoutpro'),
	(60, '2025-09-17 20:19:11', 'INFO', 'Body recibido: {"resource":"126026327469","topic":"payment"}', 'checkoutpro'),
	(61, '2025-09-17 20:19:11', 'INFO', '=== WEBHOOK CHECKOUTPRO INICIADO ===', 'checkoutpro'),
	(62, '2025-09-17 20:19:11', 'INFO', 'JSON decodificado: {"resource":"126026327469","topic":"payment"}', 'checkoutpro'),
	(63, '2025-09-17 20:19:11', 'INFO', 'Body recibido: {"action":"payment.updated","api_version":"v1","data":{"id":"126026327469"},"date_created":"2025-09-17T22:42:53Z","id":124796599210,"live_mode":true,"type":"payment","user_id":"2477837851"}', 'checkoutpro'),
	(64, '2025-09-17 20:19:11', 'ERROR', 'ERROR: ID vacío', 'checkoutpro'),
	(65, '2025-09-17 20:19:11', 'INFO', 'JSON decodificado: {"action":"payment.updated","api_version":"v1","data":{"id":"126026327469"},"date_created":"2025-09-17T22:42:53Z","id":124796599210,"live_mode":true,"type":"payment","user_id":"2477837851"}', 'checkoutpro'),
	(66, '2025-09-17 20:19:11', 'INFO', 'Tipo: payment, ID: 126026327469', 'checkoutpro'),
	(67, '2025-09-17 20:19:11', 'INFO', 'Intentando merchant_orders: https://api.mercadopago.com/merchant_orders/126026327469', 'checkoutpro'),
	(68, '2025-09-17 20:19:12', 'INFO', '=== WEBHOOK CHECKOUTPRO INICIADO ===', 'checkoutpro'),
	(69, '2025-09-17 20:19:12', 'INFO', 'Body recibido: {"resource":"https://api.mercadolibre.com/merchant_orders/34081853920","topic":"merchant_order"}', 'checkoutpro'),
	(70, '2025-09-17 20:19:12', 'INFO', 'JSON decodificado: {"resource":"https:\\/\\/api.mercadolibre.com\\/merchant_orders\\/34081853920","topic":"merchant_order"}', 'checkoutpro'),
	(71, '2025-09-17 20:19:12', 'ERROR', 'ERROR: ID vacío', 'checkoutpro'),
	(72, '2025-09-17 20:19:12', 'INFO', 'Merchant Orders API HTTP Code: 404', 'checkoutpro'),
	(73, '2025-09-17 20:19:12', 'INFO', 'Merchant Order falló, intentando payments API: https://api.mercadopago.com/v1/payments/126026327469', 'checkoutpro'),
	(74, '2025-09-17 20:19:13', 'INFO', 'Payments API HTTP Code: 200', 'checkoutpro'),
	(75, '2025-09-17 20:19:13', 'INFO', 'Datos obtenidos - Status: refunded, External ref: CP_1758148952759_s5mn9pj16, Payment ID: 126026327469', 'checkoutpro'),
	(76, '2025-09-17 20:19:13', 'INFO', 'Pago no aprobado - Status: refunded', 'checkoutpro'),
	(77, '2025-09-17 20:19:15', 'INFO', '=== WEBHOOK CHECKOUTPRO INICIADO ===', 'checkoutpro'),
	(78, '2025-09-17 20:19:15', 'INFO', 'Body recibido: {"resource":"126026327469","topic":"payment"}', 'checkoutpro'),
	(79, '2025-09-17 20:19:15', 'INFO', 'JSON decodificado: {"resource":"126026327469","topic":"payment"}', 'checkoutpro'),
	(80, '2025-09-17 20:19:15', 'ERROR', 'ERROR: ID vacío', 'checkoutpro'),
	(81, '2025-09-17 20:19:17', 'INFO', '=== WEBHOOK CHECKOUTPRO INICIADO ===', 'checkoutpro'),
	(82, '2025-09-17 20:19:17', 'INFO', 'Body recibido: {"action":"payment.updated","api_version":"v1","data":{"id":"126026327469"},"date_created":"2025-09-17T22:42:53Z","id":124796287324,"live_mode":true,"type":"payment","user_id":"2477837851"}', 'checkoutpro'),
	(83, '2025-09-17 20:19:17', 'INFO', 'JSON decodificado: {"action":"payment.updated","api_version":"v1","data":{"id":"126026327469"},"date_created":"2025-09-17T22:42:53Z","id":124796287324,"live_mode":true,"type":"payment","user_id":"2477837851"}', 'checkoutpro'),
	(84, '2025-09-17 20:19:17', 'INFO', 'Tipo: payment, ID: 126026327469', 'checkoutpro'),
	(85, '2025-09-17 20:19:17', 'INFO', 'Intentando merchant_orders: https://api.mercadopago.com/merchant_orders/126026327469', 'checkoutpro'),
	(86, '2025-09-17 20:19:18', 'INFO', '=== WEBHOOK CHECKOUTPRO INICIADO ===', 'checkoutpro'),
	(87, '2025-09-17 20:19:18', 'INFO', 'Body recibido: {"resource":"https://api.mercadolibre.com/merchant_orders/34081853920","topic":"merchant_order"}', 'checkoutpro'),
	(88, '2025-09-17 20:19:18', 'INFO', 'JSON decodificado: {"resource":"https:\\/\\/api.mercadolibre.com\\/merchant_orders\\/34081853920","topic":"merchant_order"}', 'checkoutpro'),
	(89, '2025-09-17 20:19:18', 'ERROR', 'ERROR: ID vacío', 'checkoutpro'),
	(90, '2025-09-17 20:19:18', 'INFO', 'Merchant Orders API HTTP Code: 404', 'checkoutpro'),
	(91, '2025-09-17 20:19:18', 'INFO', 'Merchant Order falló, intentando payments API: https://api.mercadopago.com/v1/payments/126026327469', 'checkoutpro'),
	(92, '2025-09-17 20:19:19', 'INFO', 'Payments API HTTP Code: 200', 'checkoutpro'),
	(93, '2025-09-17 20:19:19', 'INFO', 'Datos obtenidos - Status: refunded, External ref: CP_1758148952759_s5mn9pj16, Payment ID: 126026327469', 'checkoutpro'),
	(94, '2025-09-17 20:19:19', 'INFO', 'Pago no aprobado - Status: refunded', 'checkoutpro'),
	(95, '2025-09-17 20:40:03', 'INFO', 'Verificando pago - External ref: PREF_TEST_1758152284254, Preference: 2477837851-a83f5acf-020a-4e63-b811-d99950c2005f', 'verification'),
	(96, '2025-09-17 20:40:03', 'ERROR', 'ERROR: SQLSTATE[42S22]: Column not found: 1054 Unknown column \'external_reference\' in \'WHERE\'', 'verification'),
	(97, '2025-09-17 20:40:06', 'INFO', 'Verificando pago - External ref: FLOW_TEST_1758152291998, Preference: 2477837851-83715ac3-7296-458c-9f41-52b255cc4db2', 'verification'),
	(98, '2025-09-17 20:40:06', 'ERROR', 'ERROR: SQLSTATE[42S22]: Column not found: 1054 Unknown column \'external_reference\' in \'WHERE\'', 'verification'),
	(99, '2025-09-17 20:45:18', 'INFO', 'Verificando pago - External ref: PREF_TEST_1758152600928, Preference: 2477837851-9251b3a3-8ec9-42e4-bb49-13f9376bc0dd', 'verify_cp'),
	(100, '2025-09-17 20:47:25', 'INFO', 'Verificando pago - External ref: PREF_TEST_1758152729353, Preference: 2477837851-695f1daa-1650-46f9-9a1f-e6389f8170e1', 'verify_cp'),
	(101, '2025-09-17 20:47:32', 'INFO', 'Verificando pago - External ref: FLOW_TEST_1758152737417, Preference: 2477837851-a481f94d-3dae-40eb-8347-e5ec3ae6cf10', 'verify_cp'),
	(102, '2025-09-17 21:04:01', 'INFO', '=== INICIANDO CAPTURA DE PAGO: 126590000230 ===', 'test_capture'),
	(103, '2025-09-17 21:04:02', 'INFO', 'Payment API HTTP Code: 200', 'test_capture'),
	(104, '2025-09-17 21:04:02', 'INFO', 'Pago encontrado - Status: refunded, External ref: CP_1758152948960_gzmnvxfmp, Amount: 2500', 'test_capture'),
	(105, '2025-09-17 21:04:02', 'INFO', 'Fechas - Created: 2025-09-17T19:49:50.000-04:00, Approved: 2025-09-17T19:49:50.000-04:00', 'test_capture');

/*!40103 SET TIME_ZONE=IFNULL(@OLD_TIME_ZONE, 'system') */;
/*!40101 SET SQL_MODE=IFNULL(@OLD_SQL_MODE, '') */;
/*!40014 SET FOREIGN_KEY_CHECKS=IFNULL(@OLD_FOREIGN_KEY_CHECKS, 1) */;
/*!40101 SET CHARACTER_SET_CLIENT=@OLD_CHARACTER_SET_CLIENT */;
/*!40111 SET SQL_NOTES=IFNULL(@OLD_SQL_NOTES, 1) */;
